alg,puzzle_size,f%,instance_id,instance_path,ants,subcolonies,q0,rho,bve,safreq,timeout,success_rate,time_mean,time_std,iter_mean,with_comm,without_comm
0,16x16,,1,,10,4,0.9,0.9,0.005,0,20.0,100.0,0.00011,0.0,1.0,,
0,16x16,,2,,10,4,0.9,0.9,0.005,0,20.0,100.0,9e-05,0.0,1.0,,
0,16x16,,3,,10,4,0.9,0.9,0.005,0,20.0,100.0,0.0001,0.0,1.0,,
0,16x16,,4,,10,4,0.9,0.9,0.005,0,20.0,100.0,0.00012,0.0,1.0,,
0,16x16,,5,,10,4,0.9,0.9,0.005,0,20.0,100.0,9e-05,0.0,1.0,,
0,16x16,,6,,10,4,0.9,0.9,0.005,0,20.0,100.0,9e-05,0.0,1.0,,
0,16x16,,7,,10,4,0.9,0.9,0.005,0,20.0,100.0,9e-05,0.0,1.0,,
0,16x16,,8,,10,4,0.9,0.9,0.005,0,20.0,100.0,9e-05,0.0,1.0,,
0,16x16,,9,,10,4,0.9,0.9,0.005,0,20.0,100.0,9e-05,0.0,1.0,,
0,16x16,,10,,10,4,0.9,0.9,0.005,0,20.0,100.0,0.00014,0.0,1.0,,
0,16x16,,11,,10,4,0.9,0.9,0.005,0,20.0,100.0,0.0001,0.0,1.0,,
0,16x16,,12,,10,4,0.9,0.9,0.005,0,20.0,100.0,0.0001,0.0,1.0,,
0,16x16,,13,,10,4,0.9,0.9,0.005,0,20.0,100.0,9e-05,0.0,1.0,,
0,16x16,,14,,10,4,0.9,0.9,0.005,0,20.0,100.0,9e-05,0.0,1.0,,
0,16x16,,15,,10,4,0.9,0.9,0.005,0,20.0,100.0,9e-05,0.0,1.0,,
0,16x16,,16,,10,4,0.9,0.9,0.005,0,20.0,100.0,0.00011,0.0,1.0,,
0,16x16,,17,,10,4,0.9,0.9,0.005,0,20.0,100.0,9e-05,0.0,1.0,,
0,16x16,,18,,10,4,0.9,0.9,0.005,0,20.0,100.0,9e-05,0.0,1.0,,
0,16x16,,19,,10,4,0.9,0.9,0.005,0,20.0,100.0,9e-05,0.0,1.0,,
0,16x16,,20,,10,4,0.9,0.9,0.005,0,20.0,100.0,0.00011,0.0,1.0,,
0,16x16,,21,,10,4,0.9,0.9,0.005,0,20.0,100.0,9e-05,0.0,1.0,,
0,16x16,,22,,10,4,0.9,0.9,0.005,0,20.0,100.0,8e-05,0.0,1.0,,
0,16x16,,23,,10,4,0.9,0.9,0.005,0,20.0,100.0,9e-05,0.0,1.0,,
0,16x16,,24,,10,4,0.9,0.9,0.005,0,20.0,100.0,0.00014,0.0,1.0,,
0,16x16,,25,,10,4,0.9,0.9,0.005,0,20.0,100.0,0.00015,0.0,1.0,,
0,16x16,,26,,10,4,0.9,0.9,0.005,0,20.0,100.0,0.00011,0.0,1.0,,
0,16x16,,27,,10,4,0.9,0.9,0.005,0,20.0,100.0,9e-05,0.0,1.0,,
0,16x16,,28,,10,4,0.9,0.9,0.005,0,20.0,100.0,0.00012,0.0,1.0,,
0,16x16,,29,,10,4,0.9,0.9,0.005,0,20.0,100.0,0.0001,0.0,1.0,,
0,16x16,,30,,10,4,0.9,0.9,0.005,0,20.0,100.0,0.0001,0.0,1.0,,
0,16x16,,31,,10,4,0.9,0.9,0.005,0,20.0,100.0,9e-05,0.0,1.0,,
0,16x16,,32,,10,4,0.9,0.9,0.005,0,20.0,100.0,8e-05,0.0,1.0,,
0,16x16,,33,,10,4,0.9,0.9,0.005,0,20.0,100.0,0.0001,0.0,1.0,,
0,16x16,,34,,10,4,0.9,0.9,0.005,0,20.0,100.0,0.0001,0.0,1.0,,
0,16x16,,35,,10,4,0.9,0.9,0.005,0,20.0,100.0,0.0002,0.0,1.0,,
0,16x16,,36,,10,4,0.9,0.9,0.005,0,20.0,100.0,0.00011,0.0,1.0,,
0,16x16,,37,,10,4,0.9,0.9,0.005,0,20.0,100.0,0.00012,0.0,1.0,,
0,16x16,,38,,10,4,0.9,0.9,0.005,0,20.0,100.0,0.00014,0.0,1.0,,
0,16x16,,39,,10,4,0.9,0.9,0.005,0,20.0,100.0,0.00014,0.0,1.0,,
0,16x16,,40,,10,4,0.9,0.9,0.005,0,20.0,100.0,0.00011,0.0,1.0,,
0,16x16,,41,,10,4,0.9,0.9,0.005,0,20.0,100.0,0.0001,0.0,1.0,,
0,16x16,,42,,10,4,0.9,0.9,0.005,0,20.0,100.0,9e-05,0.0,1.0,,
0,16x16,,43,,10,4,0.9,0.9,0.005,0,20.0,100.0,0.0001,0.0,1.0,,
0,16x16,,44,,10,4,0.9,0.9,0.005,0,20.0,100.0,9e-05,0.0,1.0,,
0,16x16,,45,,10,4,0.9,0.9,0.005,0,20.0,100.0,0.00012,0.0,1.0,,
0,16x16,,46,,10,4,0.9,0.9,0.005,0,20.0,100.0,0.00012,0.0,1.0,,
0,16x16,,47,,10,4,0.9,0.9,0.005,0,20.0,100.0,0.00013,0.0,1.0,,
0,16x16,,48,,10,4,0.9,0.9,0.005,0,20.0,100.0,9e-05,0.0,1.0,,
0,16x16,,49,,10,4,0.9,0.9,0.005,0,20.0,100.0,0.0001,0.0,1.0,,
0,16x16,,50,,10,4,0.9,0.9,0.005,0,20.0,100.0,0.0001,0.0,1.0,,
0,16x16,,51,,10,4,0.9,0.9,0.005,0,20.0,100.0,9e-05,0.0,1.0,,
0,16x16,,52,,10,4,0.9,0.9,0.005,0,20.0,100.0,0.00013,0.0,1.0,,
0,16x16,,53,,10,4,0.9,0.9,0.005,0,20.0,100.0,9e-05,0.0,1.0,,
0,16x16,,54,,10,4,0.9,0.9,0.005,0,20.0,100.0,0.0001,0.0,1.0,,
0,16x16,,55,,10,4,0.9,0.9,0.005,0,20.0,100.0,0.00013,0.0,1.0,,
0,16x16,,56,,10,4,0.9,0.9,0.005,0,20.0,100.0,9e-05,0.0,1.0,,
0,16x16,,57,,10,4,0.9,0.9,0.005,0,20.0,100.0,0.00011,0.0,1.0,,
0,16x16,,58,,10,4,0.9,0.9,0.005,0,20.0,100.0,9e-05,0.0,1.0,,
0,16x16,,59,,10,4,0.9,0.9,0.005,0,20.0,100.0,0.00014,0.0,1.0,,
0,16x16,,60,,10,4,0.9,0.9,0.005,0,20.0,100.0,0.0001,0.0,1.0,,
0,16x16,,61,,10,4,0.9,0.9,0.005,0,20.0,100.0,0.0001,0.0,1.0,,
0,16x16,,62,,10,4,0.9,0.9,0.005,0,20.0,100.0,9e-05,0.0,1.0,,
0,16x16,,63,,10,4,0.9,0.9,0.005,0,20.0,100.0,0.0001,0.0,1.0,,
0,16x16,,64,,10,4,0.9,0.9,0.005,0,20.0,100.0,8e-05,0.0,1.0,,
0,16x16,,65,,10,4,0.9,0.9,0.005,0,20.0,100.0,0.00011,0.0,1.0,,
0,16x16,,66,,10,4,0.9,0.9,0.005,0,20.0,100.0,0.00013,0.0,1.0,,
0,16x16,,67,,10,4,0.9,0.9,0.005,0,20.0,100.0,0.0001,0.0,1.0,,
0,16x16,,68,,10,4,0.9,0.9,0.005,0,20.0,100.0,0.00015,0.0,1.0,,
0,16x16,,69,,10,4,0.9,0.9,0.005,0,20.0,100.0,0.00012,0.0,1.0,,
0,16x16,,70,,10,4,0.9,0.9,0.005,0,20.0,100.0,0.0001,0.0,1.0,,
0,16x16,,71,,10,4,0.9,0.9,0.005,0,20.0,100.0,0.0001,0.0,1.0,,
0,16x16,,72,,10,4,0.9,0.9,0.005,0,20.0,100.0,0.00012,0.0,1.0,,
0,16x16,,73,,10,4,0.9,0.9,0.005,0,20.0,100.0,0.00011,0.0,1.0,,
0,16x16,,74,,10,4,0.9,0.9,0.005,0,20.0,100.0,0.00011,0.0,1.0,,
0,16x16,,75,,10,4,0.9,0.9,0.005,0,20.0,100.0,0.00011,0.0,1.0,,
0,16x16,,76,,10,4,0.9,0.9,0.005,0,20.0,100.0,0.00012,0.0,1.0,,
0,16x16,,77,,10,4,0.9,0.9,0.005,0,20.0,100.0,0.0001,0.0,1.0,,
0,16x16,,78,,10,4,0.9,0.9,0.005,0,20.0,100.0,9e-05,0.0,1.0,,
0,16x16,,79,,10,4,0.9,0.9,0.005,0,20.0,100.0,0.00011,0.0,1.0,,
0,16x16,,80,,10,4,0.9,0.9,0.005,0,20.0,100.0,0.0001,0.0,1.0,,
0,16x16,,81,,10,4,0.9,0.9,0.005,0,20.0,100.0,0.00013,0.0,1.0,,
0,16x16,,82,,10,4,0.9,0.9,0.005,0,20.0,100.0,9e-05,0.0,1.0,,
0,16x16,,83,,10,4,0.9,0.9,0.005,0,20.0,100.0,0.00011,0.0,1.0,,
0,16x16,,84,,10,4,0.9,0.9,0.005,0,20.0,100.0,0.0001,0.0,1.0,,
0,16x16,,85,,10,4,0.9,0.9,0.005,0,20.0,100.0,0.0001,0.0,1.0,,
0,16x16,,86,,10,4,0.9,0.9,0.005,0,20.0,100.0,0.0001,0.0,1.0,,
0,16x16,,87,,10,4,0.9,0.9,0.005,0,20.0,100.0,0.0001,0.0,1.0,,
0,16x16,,88,,10,4,0.9,0.9,0.005,0,20.0,100.0,0.0001,0.0,1.0,,
0,16x16,,89,,10,4,0.9,0.9,0.005,0,20.0,100.0,9e-05,0.0,1.0,,
0,16x16,,90,,10,4,0.9,0.9,0.005,0,20.0,100.0,8e-05,0.0,1.0,,
0,16x16,,91,,10,4,0.9,0.9,0.005,0,20.0,100.0,8e-05,0.0,1.0,,
0,16x16,,92,,10,4,0.9,0.9,0.005,0,20.0,100.0,9e-05,0.0,1.0,,
0,16x16,,93,,10,4,0.9,0.9,0.005,0,20.0,100.0,0.0001,0.0,1.0,,
0,16x16,,94,,10,4,0.9,0.9,0.005,0,20.0,100.0,9e-05,0.0,1.0,,
0,16x16,,95,,10,4,0.9,0.9,0.005,0,20.0,100.0,0.00014,0.0,1.0,,
0,16x16,,96,,10,4,0.9,0.9,0.005,0,20.0,100.0,0.0001,0.0,1.0,,
0,16x16,,97,,10,4,0.9,0.9,0.005,0,20.0,100.0,0.00011,0.0,1.0,,
0,16x16,,98,,10,4,0.9,0.9,0.005,0,20.0,100.0,0.0002,0.0,1.0,,
0,16x16,,99,,10,4,0.9,0.9,0.005,0,20.0,100.0,0.0001,0.0,1.0,,
0,16x16,,100,,10,4,0.9,0.9,0.005,0,20.0,100.0,9e-05,0.0,1.0,,
0,16x16,,101,,10,4,0.9,0.9,0.005,0,20.0,100.0,0.0001,0.0,1.0,,
0,16x16,,102,,10,4,0.9,0.9,0.005,0,20.0,100.0,0.00011,0.0,1.0,,
0,16x16,,103,,10,4,0.9,0.9,0.005,0,20.0,100.0,0.00017,0.0,1.0,,
0,16x16,,104,,10,4,0.9,0.9,0.005,0,20.0,100.0,0.00014,0.0,1.0,,
0,16x16,,105,,10,4,0.9,0.9,0.005,0,20.0,100.0,0.00012,0.0,1.0,,
0,16x16,,106,,10,4,0.9,0.9,0.005,0,20.0,100.0,0.0001,0.0,1.0,,
0,16x16,,107,,10,4,0.9,0.9,0.005,0,20.0,100.0,9e-05,0.0,1.0,,
0,16x16,,108,,10,4,0.9,0.9,0.005,0,20.0,100.0,0.00011,0.0,1.0,,
0,16x16,,109,,10,4,0.9,0.9,0.005,0,20.0,100.0,0.00011,0.0,1.0,,
0,16x16,,110,,10,4,0.9,0.9,0.005,0,20.0,100.0,0.0001,0.0,1.0,,
0,16x16,,111,,10,4,0.9,0.9,0.005,0,20.0,100.0,0.00011,0.0,1.0,,
0,16x16,,112,,10,4,0.9,0.9,0.005,0,20.0,100.0,9e-05,0.0,1.0,,
0,16x16,,113,,10,4,0.9,0.9,0.005,0,20.0,100.0,0.00012,0.0,1.0,,
0,16x16,,114,,10,4,0.9,0.9,0.005,0,20.0,100.0,0.0001,0.0,1.0,,
0,16x16,,115,,10,4,0.9,0.9,0.005,0,20.0,100.0,0.0001,0.0,1.0,,
0,16x16,,116,,10,4,0.9,0.9,0.005,0,20.0,100.0,0.00013,0.0,1.0,,
0,16x16,,117,,10,4,0.9,0.9,0.005,0,20.0,100.0,0.00011,0.0,1.0,,
0,16x16,,118,,10,4,0.9,0.9,0.005,0,20.0,100.0,0.00019,0.0,1.0,,
0,16x16,,119,,10,4,0.9,0.9,0.005,0,20.0,100.0,0.0001,0.0,1.0,,
0,16x16,,120,,10,4,0.9,0.9,0.005,0,20.0,100.0,9e-05,0.0,1.0,,
0,16x16,,121,,10,4,0.9,0.9,0.005,0,20.0,100.0,0.00012,0.0,1.0,,
0,16x16,,122,,10,4,0.9,0.9,0.005,0,20.0,100.0,0.00011,0.0,1.0,,
0,16x16,,123,,10,4,0.9,0.9,0.005,0,20.0,100.0,0.00012,0.0,1.0,,
0,16x16,,124,,10,4,0.9,0.9,0.005,0,20.0,100.0,9e-05,0.0,1.0,,
0,16x16,,125,,10,4,0.9,0.9,0.005,0,20.0,100.0,0.00011,0.0,1.0,,
0,16x16,,126,,10,4,0.9,0.9,0.005,0,20.0,100.0,0.00011,0.0,1.0,,
0,16x16,,127,,10,4,0.9,0.9,0.005,0,20.0,100.0,0.00012,0.0,1.0,,
0,16x16,,128,,10,4,0.9,0.9,0.005,0,20.0,100.0,0.00027,0.0,1.0,,
0,16x16,,129,,10,4,0.9,0.9,0.005,0,20.0,100.0,0.0001,0.0,1.0,,
0,16x16,,130,,10,4,0.9,0.9,0.005,0,20.0,100.0,9e-05,0.0,1.0,,
0,16x16,,131,,10,4,0.9,0.9,0.005,0,20.0,100.0,0.00011,0.0,1.0,,
0,16x16,,132,,10,4,0.9,0.9,0.005,0,20.0,100.0,0.00011,0.0,1.0,,
0,16x16,,133,,10,4,0.9,0.9,0.005,0,20.0,100.0,0.0001,0.0,1.0,,
0,16x16,,134,,10,4,0.9,0.9,0.005,0,20.0,100.0,0.00012,0.0,1.0,,
0,16x16,,135,,10,4,0.9,0.9,0.005,0,20.0,100.0,9e-05,0.0,1.0,,
0,16x16,,136,,10,4,0.9,0.9,0.005,0,20.0,100.0,0.0001,0.0,1.0,,
0,16x16,,137,,10,4,0.9,0.9,0.005,0,20.0,100.0,0.0001,0.0,1.0,,
0,16x16,,138,,10,4,0.9,0.9,0.005,0,20.0,100.0,9e-05,0.0,1.0,,
0,16x16,,139,,10,4,0.9,0.9,0.005,0,20.0,100.0,0.0001,0.0,1.0,,
0,16x16,,140,,10,4,0.9,0.9,0.005,0,20.0,100.0,0.00013,0.0,1.0,,
0,16x16,,141,,10,4,0.9,0.9,0.005,0,20.0,100.0,9e-05,0.0,1.0,,
0,16x16,,142,,10,4,0.9,0.9,0.005,0,20.0,100.0,9e-05,0.0,1.0,,
0,16x16,,143,,10,4,0.9,0.9,0.005,0,20.0,100.0,9e-05,0.0,1.0,,
0,16x16,,144,,10,4,0.9,0.9,0.005,0,20.0,100.0,0.0001,0.0,1.0,,
0,16x16,,145,,10,4,0.9,0.9,0.005,0,20.0,100.0,0.00011,0.0,1.0,,
0,16x16,,146,,10,4,0.9,0.9,0.005,0,20.0,100.0,0.0001,0.0,1.0,,
0,16x16,,147,,10,4,0.9,0.9,0.005,0,20.0,100.0,9e-05,0.0,1.0,,
0,16x16,,148,,10,4,0.9,0.9,0.005,0,20.0,100.0,0.00012,0.0,1.0,,
0,16x16,,149,,10,4,0.9,0.9,0.005,0,20.0,100.0,0.0001,0.0,1.0,,
0,16x16,,150,,10,4,0.9,0.9,0.005,0,20.0,100.0,0.00022,0.0,1.0,,
0,16x16,,151,,10,4,0.9,0.9,0.005,0,20.0,100.0,9e-05,0.0,1.0,,
0,16x16,,152,,10,4,0.9,0.9,0.005,0,20.0,100.0,9e-05,0.0,1.0,,
0,16x16,,153,,10,4,0.9,0.9,0.005,0,20.0,100.0,0.00011,0.0,1.0,,
0,16x16,,154,,10,4,0.9,0.9,0.005,0,20.0,100.0,0.00011,0.0,1.0,,
0,16x16,,155,,10,4,0.9,0.9,0.005,0,20.0,100.0,9e-05,0.0,1.0,,
0,16x16,,156,,10,4,0.9,0.9,0.005,0,20.0,100.0,0.0001,0.0,1.0,,
0,16x16,,157,,10,4,0.9,0.9,0.005,0,20.0,100.0,0.00013,0.0,1.0,,
0,16x16,,158,,10,4,0.9,0.9,0.005,0,20.0,100.0,0.00011,0.0,1.0,,
0,16x16,,159,,10,4,0.9,0.9,0.005,0,20.0,100.0,0.00011,0.0,1.0,,
0,16x16,,160,,10,4,0.9,0.9,0.005,0,20.0,100.0,0.0001,0.0,1.0,,
0,16x16,,161,,10,4,0.9,0.9,0.005,0,20.0,100.0,0.0001,0.0,1.0,,
0,16x16,,162,,10,4,0.9,0.9,0.005,0,20.0,100.0,0.00011,0.0,1.0,,
0,16x16,,163,,10,4,0.9,0.9,0.005,0,20.0,100.0,0.0001,0.0,1.0,,
0,16x16,,164,,10,4,0.9,0.9,0.005,0,20.0,100.0,0.00012,0.0,1.0,,
0,16x16,,165,,10,4,0.9,0.9,0.005,0,20.0,100.0,0.00011,0.0,1.0,,
0,16x16,,166,,10,4,0.9,0.9,0.005,0,20.0,100.0,9e-05,0.0,1.0,,
0,16x16,,167,,10,4,0.9,0.9,0.005,0,20.0,100.0,0.00012,0.0,1.0,,
0,16x16,,168,,10,4,0.9,0.9,0.005,0,20.0,100.0,0.00012,0.0,1.0,,
0,16x16,,169,,10,4,0.9,0.9,0.005,0,20.0,100.0,0.0001,0.0,1.0,,
0,16x16,,170,,10,4,0.9,0.9,0.005,0,20.0,100.0,0.00014,0.0,1.0,,
0,16x16,,171,,10,4,0.9,0.9,0.005,0,20.0,100.0,9e-05,0.0,1.0,,
0,16x16,,172,,10,4,0.9,0.9,0.005,0,20.0,100.0,9e-05,0.0,1.0,,
0,16x16,,173,,10,4,0.9,0.9,0.005,0,20.0,100.0,0.0001,0.0,1.0,,
0,16x16,,174,,10,4,0.9,0.9,0.005,0,20.0,100.0,0.00012,0.0,1.0,,
0,16x16,,175,,10,4,0.9,0.9,0.005,0,20.0,100.0,0.00011,0.0,1.0,,
0,16x16,,176,,10,4,0.9,0.9,0.005,0,20.0,100.0,0.00013,0.0,1.0,,
0,16x16,,177,,10,4,0.9,0.9,0.005,0,20.0,100.0,9e-05,0.0,1.0,,
0,16x16,,178,,10,4,0.9,0.9,0.005,0,20.0,100.0,9e-05,0.0,1.0,,
0,16x16,,179,,10,4,0.9,0.9,0.005,0,20.0,100.0,0.00011,0.0,1.0,,
0,16x16,,180,,10,4,0.9,0.9,0.005,0,20.0,100.0,0.0001,0.0,1.0,,
0,16x16,,181,,10,4,0.9,0.9,0.005,0,20.0,100.0,0.0001,0.0,1.0,,
0,16x16,,182,,10,4,0.9,0.9,0.005,0,20.0,100.0,0.0001,0.0,1.0,,
0,16x16,,183,,10,4,0.9,0.9,0.005,0,20.0,100.0,9e-05,0.0,1.0,,
0,16x16,,184,,10,4,0.9,0.9,0.005,0,20.0,100.0,0.00011,0.0,1.0,,
0,16x16,,185,,10,4,0.9,0.9,0.005,0,20.0,100.0,0.00012,0.0,1.0,,
0,16x16,,186,,10,4,0.9,0.9,0.005,0,20.0,100.0,0.00012,0.0,1.0,,
0,16x16,,187,,10,4,0.9,0.9,0.005,0,20.0,100.0,0.0001,0.0,1.0,,
0,16x16,,188,,10,4,0.9,0.9,0.005,0,20.0,100.0,0.00011,0.0,1.0,,
0,16x16,,189,,10,4,0.9,0.9,0.005,0,20.0,100.0,0.00013,0.0,1.0,,
0,16x16,,190,,10,4,0.9,0.9,0.005,0,20.0,100.0,0.00012,0.0,1.0,,
0,16x16,,191,,10,4,0.9,0.9,0.005,0,20.0,100.0,0.00013,0.0,1.0,,
0,16x16,,192,,10,4,0.9,0.9,0.005,0,20.0,100.0,0.0001,0.0,1.0,,
0,16x16,,193,,10,4,0.9,0.9,0.005,0,20.0,100.0,0.0001,0.0,1.0,,
0,16x16,,194,,10,4,0.9,0.9,0.005,0,20.0,100.0,9e-05,0.0,1.0,,
0,16x16,,195,,10,4,0.9,0.9,0.005,0,20.0,100.0,8e-05,0.0,1.0,,
0,16x16,,196,,10,4,0.9,0.9,0.005,0,20.0,100.0,9e-05,0.0,1.0,,
0,16x16,,197,,10,4,0.9,0.9,0.005,0,20.0,100.0,9e-05,0.0,1.0,,
0,16x16,,198,,10,4,0.9,0.9,0.005,0,20.0,100.0,0.0001,0.0,1.0,,
0,16x16,,199,,10,4,0.9,0.9,0.005,0,20.0,100.0,9e-05,0.0,1.0,,
0,16x16,,200,,10,4,0.9,0.9,0.005,0,20.0,100.0,9e-05,0.0,1.0,,
0,16x16,,201,,10,4,0.9,0.9,0.005,0,20.0,100.0,0.0001,0.0,1.0,,
0,16x16,,202,,10,4,0.9,0.9,0.005,0,20.0,100.0,0.0001,0.0,1.0,,
0,16x16,,203,,10,4,0.9,0.9,0.005,0,20.0,100.0,0.00012,0.0,1.0,,
0,16x16,,204,,10,4,0.9,0.9,0.005,0,20.0,100.0,9e-05,0.0,1.0,,
0,16x16,,205,,10,4,0.9,0.9,0.005,0,20.0,100.0,0.00012,0.0,1.0,,
0,16x16,,206,,10,4,0.9,0.9,0.005,0,20.0,100.0,0.00012,0.0,1.0,,
0,16x16,,207,,10,4,0.9,0.9,0.005,0,20.0,100.0,9e-05,0.0,1.0,,
0,16x16,,208,,10,4,0.9,0.9,0.005,0,20.0,100.0,9e-05,0.0,1.0,,
0,16x16,,209,,10,4,0.9,0.9,0.005,0,20.0,100.0,8e-05,0.0,1.0,,
0,16x16,,210,,10,4,0.9,0.9,0.005,0,20.0,100.0,0.0001,0.0,1.0,,
0,16x16,,211,,10,4,0.9,0.9,0.005,0,20.0,100.0,9e-05,0.0,1.0,,
0,16x16,,212,,10,4,0.9,0.9,0.005,0,20.0,100.0,0.0001,0.0,1.0,,
0,16x16,,213,,10,4,0.9,0.9,0.005,0,20.0,100.0,9e-05,0.0,1.0,,
0,16x16,,214,,10,4,0.9,0.9,0.005,0,20.0,100.0,9e-05,0.0,1.0,,
0,16x16,,215,,10,4,0.9,0.9,0.005,0,20.0,100.0,0.0001,0.0,1.0,,
0,16x16,,216,,10,4,0.9,0.9,0.005,0,20.0,100.0,0.00012,0.0,1.0,,
0,16x16,,217,,10,4,0.9,0.9,0.005,0,20.0,100.0,9e-05,0.0,1.0,,
0,16x16,,218,,10,4,0.9,0.9,0.005,0,20.0,100.0,0.0001,0.0,1.0,,
0,16x16,,219,,10,4,0.9,0.9,0.005,0,20.0,100.0,0.00012,0.0,1.0,,
0,16x16,,220,,10,4,0.9,0.9,0.005,0,20.0,100.0,0.0001,0.0,1.0,,
0,16x16,,221,,10,4,0.9,0.9,0.005,0,20.0,100.0,9e-05,0.0,1.0,,
0,16x16,,222,,10,4,0.9,0.9,0.005,0,20.0,100.0,0.00012,0.0,1.0,,
0,16x16,,223,,10,4,0.9,0.9,0.005,0,20.0,100.0,0.0001,0.0,1.0,,
0,16x16,,224,,10,4,0.9,0.9,0.005,0,20.0,100.0,9e-05,0.0,1.0,,
0,16x16,,225,,10,4,0.9,0.9,0.005,0,20.0,100.0,9e-05,0.0,1.0,,
0,16x16,,226,,10,4,0.9,0.9,0.005,0,20.0,100.0,0.00012,0.0,1.0,,
0,16x16,,227,,10,4,0.9,0.9,0.005,0,20.0,100.0,0.0001,0.0,1.0,,
0,16x16,,228,,10,4,0.9,0.9,0.005,0,20.0,100.0,9e-05,0.0,1.0,,
0,16x16,,229,,10,4,0.9,0.9,0.005,0,20.0,100.0,9e-05,0.0,1.0,,
0,16x16,,230,,10,4,0.9,0.9,0.005,0,20.0,100.0,0.0001,0.0,1.0,,
0,16x16,,231,,10,4,0.9,0.9,0.005,0,20.0,100.0,0.0001,0.0,1.0,,
0,16x16,,232,,10,4,0.9,0.9,0.005,0,20.0,100.0,9e-05,0.0,1.0,,
0,16x16,,233,,10,4,0.9,0.9,0.005,0,20.0,100.0,0.0001,0.0,1.0,,
0,16x16,,234,,10,4,0.9,0.9,0.005,0,20.0,100.0,0.00012,0.0,1.0,,
0,16x16,,235,,10,4,0.9,0.9,0.005,0,20.0,100.0,0.0001,0.0,1.0,,
0,16x16,,236,,10,4,0.9,0.9,0.005,0,20.0,100.0,9e-05,0.0,1.0,,
0,16x16,,237,,10,4,0.9,0.9,0.005,0,20.0,100.0,9e-05,0.0,1.0,,
0,16x16,,238,,10,4,0.9,0.9,0.005,0,20.0,100.0,0.0001,0.0,1.0,,
0,16x16,,239,,10,4,0.9,0.9,0.005,0,20.0,100.0,9e-05,0.0,1.0,,
0,16x16,,240,,10,4,0.9,0.9,0.005,0,20.0,100.0,0.0001,0.0,1.0,,
0,16x16,,241,,10,4,0.9,0.9,0.005,0,20.0,100.0,9e-05,0.0,1.0,,
0,16x16,,242,,10,4,0.9,0.9,0.005,0,20.0,100.0,9e-05,0.0,1.0,,
0,16x16,,243,,10,4,0.9,0.9,0.005,0,20.0,100.0,0.00013,0.0,1.0,,
0,16x16,,244,,10,4,0.9,0.9,0.005,0,20.0,100.0,0.0001,0.0,1.0,,
0,16x16,,245,,10,4,0.9,0.9,0.005,0,20.0,100.0,0.0001,0.0,1.0,,
0,16x16,,246,,10,4,0.9,0.9,0.005,0,20.0,100.0,0.00011,0.0,1.0,,
0,16x16,,247,,10,4,0.9,0.9,0.005,0,20.0,100.0,9e-05,0.0,1.0,,
0,16x16,,248,,10,4,0.9,0.9,0.005,0,20.0,100.0,9e-05,0.0,1.0,,
0,16x16,,249,,10,4,0.9,0.9,0.005,0,20.0,100.0,0.0001,0.0,1.0,,
0,16x16,,250,,10,4,0.9,0.9,0.005,0,20.0,100.0,0.0001,0.0,1.0,,
0,16x16,,251,,10,4,0.9,0.9,0.005,0,20.0,100.0,9e-05,0.0,1.0,,
0,16x16,,252,,10,4,0.9,0.9,0.005,0,20.0,100.0,0.00011,0.0,1.0,,
0,16x16,,253,,10,4,0.9,0.9,0.005,0,20.0,100.0,0.00015,0.0,1.0,,
0,16x16,,254,,10,4,0.9,0.9,0.005,0,20.0,100.0,8e-05,0.0,1.0,,
0,16x16,,255,,10,4,0.9,0.9,0.005,0,20.0,100.0,8e-05,0.0,1.0,,
0,16x16,,256,,10,4,0.9,0.9,0.005,0,20.0,100.0,9e-05,0.0,1.0,,
0,16x16,,257,,10,4,0.9,0.9,0.005,0,20.0,100.0,9e-05,0.0,1.0,,
0,16x16,,258,,10,4,0.9,0.9,0.005,0,20.0,100.0,0.00012,0.0,1.0,,
0,16x16,,259,,10,4,0.9,0.9,0.005,0,20.0,100.0,0.0001,0.0,1.0,,
0,16x16,,260,,10,4,0.9,0.9,0.005,0,20.0,100.0,0.00012,0.0,1.0,,
0,16x16,,261,,10,4,0.9,0.9,0.005,0,20.0,100.0,9e-05,0.0,1.0,,
0,16x16,,262,,10,4,0.9,0.9,0.005,0,20.0,100.0,0.00016,0.0,1.0,,
0,16x16,,263,,10,4,0.9,0.9,0.005,0,20.0,100.0,0.00027,0.0,1.0,,
0,16x16,,264,,10,4,0.9,0.9,0.005,0,20.0,100.0,9e-05,0.0,1.0,,
0,16x16,,265,,10,4,0.9,0.9,0.005,0,20.0,100.0,9e-05,0.0,1.0,,
0,16x16,,266,,10,4,0.9,0.9,0.005,0,20.0,100.0,8e-05,0.0,1.0,,
0,16x16,,267,,10,4,0.9,0.9,0.005,0,20.0,100.0,0.0001,0.0,1.0,,
0,16x16,,268,,10,4,0.9,0.9,0.005,0,20.0,100.0,8e-05,0.0,1.0,,
0,16x16,,269,,10,4,0.9,0.9,0.005,0,20.0,100.0,0.00011,0.0,1.0,,
0,16x16,,270,,10,4,0.9,0.9,0.005,0,20.0,100.0,8e-05,0.0,1.0,,
0,16x16,,271,,10,4,0.9,0.9,0.005,0,20.0,100.0,9e-05,0.0,1.0,,
0,16x16,,272,,10,4,0.9,0.9,0.005,0,20.0,100.0,8e-05,0.0,1.0,,
0,16x16,,273,,10,4,0.9,0.9,0.005,0,20.0,100.0,8e-05,0.0,1.0,,
0,16x16,,274,,10,4,0.9,0.9,0.005,0,20.0,100.0,9e-05,0.0,1.0,,
0,16x16,,275,,10,4,0.9,0.9,0.005,0,20.0,100.0,0.00013,0.0,1.0,,
0,16x16,,276,,10,4,0.9,0.9,0.005,0,20.0,100.0,9e-05,0.0,1.0,,
0,16x16,,277,,10,4,0.9,0.9,0.005,0,20.0,100.0,9e-05,0.0,1.0,,
0,16x16,,278,,10,4,0.9,0.9,0.005,0,20.0,100.0,8e-05,0.0,1.0,,
0,16x16,,279,,10,4,0.9,0.9,0.005,0,20.0,100.0,9e-05,0.0,1.0,,
0,16x16,,280,,10,4,0.9,0.9,0.005,0,20.0,100.0,9e-05,0.0,1.0,,
0,16x16,,281,,10,4,0.9,0.9,0.005,0,20.0,100.0,9e-05,0.0,1.0,,
0,16x16,,282,,10,4,0.9,0.9,0.005,0,20.0,100.0,0.00016,0.0,1.0,,
0,16x16,,283,,10,4,0.9,0.9,0.005,0,20.0,100.0,8e-05,0.0,1.0,,
0,16x16,,284,,10,4,0.9,0.9,0.005,0,20.0,100.0,0.00011,0.0,1.0,,
0,16x16,,285,,10,4,0.9,0.9,0.005,0,20.0,100.0,8e-05,0.0,1.0,,
0,16x16,,286,,10,4,0.9,0.9,0.005,0,20.0,100.0,0.0001,0.0,1.0,,
0,16x16,,287,,10,4,0.9,0.9,0.005,0,20.0,100.0,0.0001,0.0,1.0,,
0,16x16,,288,,10,4,0.9,0.9,0.005,0,20.0,100.0,9e-05,0.0,1.0,,
0,16x16,,289,,10,4,0.9,0.9,0.005,0,20.0,100.0,0.0001,0.0,1.0,,
0,16x16,,290,,10,4,0.9,0.9,0.005,0,20.0,100.0,0.0001,0.0,1.0,,
0,16x16,,291,,10,4,0.9,0.9,0.005,0,20.0,100.0,9e-05,0.0,1.0,,
0,16x16,,292,,10,4,0.9,0.9,0.005,0,20.0,100.0,0.0001,0.0,1.0,,
0,16x16,,293,,10,4,0.9,0.9,0.005,0,20.0,100.0,9e-05,0.0,1.0,,
0,16x16,,294,,10,4,0.9,0.9,0.005,0,20.0,100.0,0.0001,0.0,1.0,,
0,16x16,,295,,10,4,0.9,0.9,0.005,0,20.0,100.0,0.0001,0.0,1.0,,
0,16x16,,296,,10,4,0.9,0.9,0.005,0,20.0,100.0,0.00012,0.0,1.0,,
0,16x16,,297,,10,4,0.9,0.9,0.005,0,20.0,100.0,7e-05,0.0,1.0,,
0,16x16,,298,,10,4,0.9,0.9,0.005,0,20.0,100.0,0.0001,0.0,1.0,,
0,16x16,,299,,10,4,0.9,0.9,0.005,0,20.0,100.0,8e-05,0.0,1.0,,
0,16x16,,300,,10,4,0.9,0.9,0.005,0,20.0,100.0,9e-05,0.0,1.0,,
0,16x16,,301,,10,4,0.9,0.9,0.005,0,20.0,100.0,9e-05,0.0,1.0,,
0,16x16,,302,,10,4,0.9,0.9,0.005,0,20.0,100.0,9e-05,0.0,1.0,,
0,16x16,,303,,10,4,0.9,0.9,0.005,0,20.0,100.0,0.00015,0.0,1.0,,
0,16x16,,304,,10,4,0.9,0.9,0.005,0,20.0,100.0,0.00055,0.0,1.0,,
0,16x16,,305,,10,4,0.9,0.9,0.005,0,20.0,100.0,0.00013,0.0,1.0,,
0,16x16,,306,,10,4,0.9,0.9,0.005,0,20.0,100.0,0.00017,0.0,1.0,,
0,16x16,,307,,10,4,0.9,0.9,0.005,0,20.0,100.0,0.00011,0.0,1.0,,
0,16x16,,308,,10,4,0.9,0.9,0.005,0,20.0,100.0,0.00014,0.0,1.0,,
0,16x16,,309,,10,4,0.9,0.9,0.005,0,20.0,100.0,9e-05,0.0,1.0,,
0,16x16,,310,,10,4,0.9,0.9,0.005,0,20.0,100.0,0.0001,0.0,1.0,,
0,16x16,,311,,10,4,0.9,0.9,0.005,0,20.0,100.0,9e-05,0.0,1.0,,
0,16x16,,312,,10,4,0.9,0.9,0.005,0,20.0,100.0,9e-05,0.0,1.0,,
0,16x16,,313,,10,4,0.9,0.9,0.005,0,20.0,100.0,0.00011,0.0,1.0,,
0,16x16,,314,,10,4,0.9,0.9,0.005,0,20.0,100.0,0.0001,0.0,1.0,,
0,16x16,,315,,10,4,0.9,0.9,0.005,0,20.0,100.0,8e-05,0.0,1.0,,
0,16x16,,316,,10,4,0.9,0.9,0.005,0,20.0,100.0,0.00011,0.0,1.0,,
0,16x16,,317,,10,4,0.9,0.9,0.005,0,20.0,100.0,0.00011,0.0,1.0,,
0,16x16,,318,,10,4,0.9,0.9,0.005,0,20.0,100.0,8e-05,0.0,1.0,,
0,16x16,,319,,10,4,0.9,0.9,0.005,0,20.0,100.0,0.0001,0.0,1.0,,
0,16x16,,320,,10,4,0.9,0.9,0.005,0,20.0,100.0,9e-05,0.0,1.0,,
0,16x16,,321,,10,4,0.9,0.9,0.005,0,20.0,100.0,0.00012,0.0,1.0,,
0,16x16,,322,,10,4,0.9,0.9,0.005,0,20.0,100.0,0.00027,0.0,1.0,,
0,16x16,,323,,10,4,0.9,0.9,0.005,0,20.0,100.0,9e-05,0.0,1.0,,
0,16x16,,324,,10,4,0.9,0.9,0.005,0,20.0,100.0,0.0001,0.0,1.0,,
0,16x16,,325,,10,4,0.9,0.9,0.005,0,20.0,100.0,0.00011,0.0,1.0,,
0,16x16,,326,,10,4,0.9,0.9,0.005,0,20.0,100.0,9e-05,0.0,1.0,,
0,16x16,,327,,10,4,0.9,0.9,0.005,0,20.0,100.0,9e-05,0.0,1.0,,
0,16x16,,328,,10,4,0.9,0.9,0.005,0,20.0,100.0,0.00011,0.0,1.0,,
0,16x16,,329,,10,4,0.9,0.9,0.005,0,20.0,100.0,0.00012,0.0,1.0,,
0,16x16,,330,,10,4,0.9,0.9,0.005,0,20.0,100.0,0.00011,0.0,1.0,,
0,16x16,,331,,10,4,0.9,0.9,0.005,0,20.0,100.0,0.00011,0.0,1.0,,
0,16x16,,332,,10,4,0.9,0.9,0.005,0,20.0,100.0,9e-05,0.0,1.0,,
0,16x16,,333,,10,4,0.9,0.9,0.005,0,20.0,100.0,0.0001,0.0,1.0,,
0,16x16,,334,,10,4,0.9,0.9,0.005,0,20.0,100.0,8e-05,0.0,1.0,,
0,16x16,,335,,10,4,0.9,0.9,0.005,0,20.0,100.0,0.00011,0.0,1.0,,
0,16x16,,336,,10,4,0.9,0.9,0.005,0,20.0,100.0,0.0001,0.0,1.0,,
0,16x16,,337,,10,4,0.9,0.9,0.005,0,20.0,100.0,0.0001,0.0,1.0,,
0,16x16,,338,,10,4,0.9,0.9,0.005,0,20.0,100.0,0.0001,0.0,1.0,,
0,16x16,,339,,10,4,0.9,0.9,0.005,0,20.0,100.0,9e-05,0.0,1.0,,
0,16x16,,340,,10,4,0.9,0.9,0.005,0,20.0,100.0,9e-05,0.0,1.0,,
0,16x16,,341,,10,4,0.9,0.9,0.005,0,20.0,100.0,9e-05,0.0,1.0,,
0,16x16,,342,,10,4,0.9,0.9,0.005,0,20.0,100.0,0.00011,0.0,1.0,,
0,16x16,,343,,10,4,0.9,0.9,0.005,0,20.0,100.0,8e-05,0.0,1.0,,
0,16x16,,344,,10,4,0.9,0.9,0.005,0,20.0,100.0,8e-05,0.0,1.0,,
0,16x16,,345,,10,4,0.9,0.9,0.005,0,20.0,100.0,0.00013,0.0,1.0,,
0,16x16,,346,,10,4,0.9,0.9,0.005,0,20.0,100.0,9e-05,0.0,1.0,,
0,16x16,,347,,10,4,0.9,0.9,0.005,0,20.0,100.0,9e-05,0.0,1.0,,
0,16x16,,348,,10,4,0.9,0.9,0.005,0,20.0,100.0,9e-05,0.0,1.0,,
0,16x16,,349,,10,4,0.9,0.9,0.005,0,20.0,100.0,9e-05,0.0,1.0,,
0,16x16,,350,,10,4,0.9,0.9,0.005,0,20.0,100.0,9e-05,0.0,1.0,,
0,16x16,,351,,10,4,0.9,0.9,0.005,0,20.0,100.0,8e-05,0.0,1.0,,
0,16x16,,352,,10,4,0.9,0.9,0.005,0,20.0,100.0,0.0001,0.0,1.0,,
0,16x16,,353,,10,4,0.9,0.9,0.005,0,20.0,100.0,0.0001,0.0,1.0,,
0,16x16,,354,,10,4,0.9,0.9,0.005,0,20.0,100.0,9e-05,0.0,1.0,,
0,16x16,,355,,10,4,0.9,0.9,0.005,0,20.0,100.0,0.00011,0.0,1.0,,
0,16x16,,356,,10,4,0.9,0.9,0.005,0,20.0,100.0,8e-05,0.0,1.0,,
0,16x16,,357,,10,4,0.9,0.9,0.005,0,20.0,100.0,9e-05,0.0,1.0,,
0,16x16,,358,,10,4,0.9,0.9,0.005,0,20.0,100.0,0.00012,0.0,1.0,,
0,16x16,,359,,10,4,0.9,0.9,0.005,0,20.0,100.0,9e-05,0.0,1.0,,
0,16x16,,360,,10,4,0.9,0.9,0.005,0,20.0,100.0,0.00012,0.0,1.0,,
0,16x16,,361,,10,4,0.9,0.9,0.005,0,20.0,100.0,8e-05,0.0,1.0,,
0,16x16,,362,,10,4,0.9,0.9,0.005,0,20.0,100.0,0.00012,0.0,1.0,,
0,16x16,,363,,10,4,0.9,0.9,0.005,0,20.0,100.0,0.0001,0.0,1.0,,
0,16x16,,364,,10,4,0.9,0.9,0.005,0,20.0,100.0,8e-05,0.0,1.0,,
0,16x16,,365,,10,4,0.9,0.9,0.005,0,20.0,100.0,9e-05,0.0,1.0,,
0,16x16,,366,,10,4,0.9,0.9,0.005,0,20.0,100.0,0.00011,0.0,1.0,,
0,16x16,,367,,10,4,0.9,0.9,0.005,0,20.0,100.0,9e-05,0.0,1.0,,
0,16x16,,368,,10,4,0.9,0.9,0.005,0,20.0,100.0,9e-05,0.0,1.0,,
0,16x16,,369,,10,4,0.9,0.9,0.005,0,20.0,100.0,8e-05,0.0,1.0,,
0,16x16,,370,,10,4,0.9,0.9,0.005,0,20.0,100.0,0.0001,0.0,1.0,,
0,16x16,,371,,10,4,0.9,0.9,0.005,0,20.0,100.0,8e-05,0.0,1.0,,
0,16x16,,372,,10,4,0.9,0.9,0.005,0,20.0,100.0,9e-05,0.0,1.0,,
0,16x16,,373,,10,4,0.9,0.9,0.005,0,20.0,100.0,0.0001,0.0,1.0,,
0,16x16,,374,,10,4,0.9,0.9,0.005,0,20.0,100.0,9e-05,0.0,1.0,,
0,16x16,,375,,10,4,0.9,0.9,0.005,0,20.0,100.0,9e-05,0.0,1.0,,
0,16x16,,376,,10,4,0.9,0.9,0.005,0,20.0,100.0,8e-05,0.0,1.0,,
0,16x16,,377,,10,4,0.9,0.9,0.005,0,20.0,100.0,8e-05,0.0,1.0,,
0,16x16,,378,,10,4,0.9,0.9,0.005,0,20.0,100.0,9e-05,0.0,1.0,,
0,16x16,,379,,10,4,0.9,0.9,0.005,0,20.0,100.0,0.0001,0.0,1.0,,
0,16x16,,380,,10,4,0.9,0.9,0.005,0,20.0,100.0,8e-05,0.0,1.0,,
0,16x16,,381,,10,4,0.9,0.9,0.005,0,20.0,100.0,9e-05,0.0,1.0,,
0,16x16,,382,,10,4,0.9,0.9,0.005,0,20.0,100.0,8e-05,0.0,1.0,,
0,16x16,,383,,10,4,0.9,0.9,0.005,0,20.0,100.0,0.0001,0.0,1.0,,
0,16x16,,384,,10,4,0.9,0.9,0.005,0,20.0,100.0,9e-05,0.0,1.0,,
0,16x16,,385,,10,4,0.9,0.9,0.005,0,20.0,100.0,9e-05,0.0,1.0,,
0,16x16,,386,,10,4,0.9,0.9,0.005,0,20.0,100.0,9e-05,0.0,1.0,,
0,16x16,,387,,10,4,0.9,0.9,0.005,0,20.0,100.0,8e-05,0.0,1.0,,
0,16x16,,388,,10,4,0.9,0.9,0.005,0,20.0,100.0,9e-05,0.0,1.0,,
0,16x16,,389,,10,4,0.9,0.9,0.005,0,20.0,100.0,8e-05,0.0,1.0,,
0,16x16,,390,,10,4,0.9,0.9,0.005,0,20.0,100.0,9e-05,0.0,1.0,,
0,16x16,,391,,10,4,0.9,0.9,0.005,0,20.0,100.0,8e-05,0.0,1.0,,
0,16x16,,392,,10,4,0.9,0.9,0.005,0,20.0,100.0,8e-05,0.0,1.0,,
0,16x16,,393,,10,4,0.9,0.9,0.005,0,20.0,100.0,8e-05,0.0,1.0,,
0,16x16,,394,,10,4,0.9,0.9,0.005,0,20.0,100.0,0.00011,0.0,1.0,,
0,16x16,,395,,10,4,0.9,0.9,0.005,0,20.0,100.0,0.0001,0.0,1.0,,
0,16x16,,396,,10,4,0.9,0.9,0.005,0,20.0,100.0,0.0001,0.0,1.0,,
0,16x16,,397,,10,4,0.9,0.9,0.005,0,20.0,100.0,0.0001,0.0,1.0,,
0,16x16,,398,,10,4,0.9,0.9,0.005,0,20.0,100.0,0.00012,0.0,1.0,,
0,16x16,,399,,10,4,0.9,0.9,0.005,0,20.0,100.0,8e-05,0.0,1.0,,
0,16x16,,400,,10,4,0.9,0.9,0.005,0,20.0,100.0,0.0001,0.0,1.0,,
0,16x16,,401,,10,4,0.9,0.9,0.005,0,20.0,100.0,9e-05,0.0,1.0,,
0,16x16,,402,,10,4,0.9,0.9,0.005,0,20.0,100.0,8e-05,0.0,1.0,,
0,16x16,,403,,10,4,0.9,0.9,0.005,0,20.0,100.0,0.0001,0.0,1.0,,
0,16x16,,404,,10,4,0.9,0.9,0.005,0,20.0,100.0,9e-05,0.0,1.0,,
0,16x16,,405,,10,4,0.9,0.9,0.005,0,20.0,100.0,9e-05,0.0,1.0,,
0,16x16,,406,,10,4,0.9,0.9,0.005,0,20.0,100.0,9e-05,0.0,1.0,,
0,16x16,,407,,10,4,0.9,0.9,0.005,0,20.0,100.0,9e-05,0.0,1.0,,
0,16x16,,408,,10,4,0.9,0.9,0.005,0,20.0,100.0,8e-05,0.0,1.0,,
0,16x16,,409,,10,4,0.9,0.9,0.005,0,20.0,100.0,9e-05,0.0,1.0,,
0,16x16,,410,,10,4,0.9,0.9,0.005,0,20.0,100.0,9e-05,0.0,1.0,,
0,16x16,,411,,10,4,0.9,0.9,0.005,0,20.0,100.0,0.00017,0.0,1.0,,
0,16x16,,412,,10,4,0.9,0.9,0.005,0,20.0,100.0,0.0001,0.0,1.0,,
0,16x16,,413,,10,4,0.9,0.9,0.005,0,20.0,100.0,9e-05,0.0,1.0,,
0,16x16,,414,,10,4,0.9,0.9,0.005,0,20.0,100.0,9e-05,0.0,1.0,,
0,16x16,,415,,10,4,0.9,0.9,0.005,0,20.0,100.0,9e-05,0.0,1.0,,
0,16x16,,416,,10,4,0.9,0.9,0.005,0,20.0,100.0,9e-05,0.0,1.0,,
0,16x16,,417,,10,4,0.9,0.9,0.005,0,20.0,100.0,9e-05,0.0,1.0,,
0,16x16,,418,,10,4,0.9,0.9,0.005,0,20.0,100.0,0.0001,0.0,1.0,,
0,16x16,,419,,10,4,0.9,0.9,0.005,0,20.0,100.0,0.00014,0.0,1.0,,
0,16x16,,420,,10,4,0.9,0.9,0.005,0,20.0,100.0,9e-05,0.0,1.0,,
0,16x16,,421,,10,4,0.9,0.9,0.005,0,20.0,100.0,9e-05,0.0,1.0,,
0,16x16,,422,,10,4,0.9,0.9,0.005,0,20.0,100.0,0.00014,0.0,1.0,,
0,16x16,,423,,10,4,0.9,0.9,0.005,0,20.0,100.0,0.0001,0.0,1.0,,
0,16x16,,424,,10,4,0.9,0.9,0.005,0,20.0,100.0,9e-05,0.0,1.0,,
0,16x16,,425,,10,4,0.9,0.9,0.005,0,20.0,100.0,0.0001,0.0,1.0,,
0,16x16,,426,,10,4,0.9,0.9,0.005,0,20.0,100.0,8e-05,0.0,1.0,,
0,16x16,,427,,10,4,0.9,0.9,0.005,0,20.0,100.0,0.00011,0.0,1.0,,
0,16x16,,428,,10,4,0.9,0.9,0.005,0,20.0,100.0,9e-05,0.0,1.0,,
0,16x16,,429,,10,4,0.9,0.9,0.005,0,20.0,100.0,0.00015,0.0,1.0,,
0,16x16,,430,,10,4,0.9,0.9,0.005,0,20.0,100.0,8e-05,0.0,1.0,,
0,16x16,,431,,10,4,0.9,0.9,0.005,0,20.0,100.0,0.00013,0.0,1.0,,
0,16x16,,432,,10,4,0.9,0.9,0.005,0,20.0,100.0,9e-05,0.0,1.0,,
0,16x16,,433,,10,4,0.9,0.9,0.005,0,20.0,100.0,0.00011,0.0,1.0,,
0,16x16,,434,,10,4,0.9,0.9,0.005,0,20.0,100.0,8e-05,0.0,1.0,,
0,16x16,,435,,10,4,0.9,0.9,0.005,0,20.0,100.0,8e-05,0.0,1.0,,
0,16x16,,436,,10,4,0.9,0.9,0.005,0,20.0,100.0,9e-05,0.0,1.0,,
0,16x16,,437,,10,4,0.9,0.9,0.005,0,20.0,100.0,0.00017,0.0,1.0,,
0,16x16,,438,,10,4,0.9,0.9,0.005,0,20.0,100.0,8e-05,0.0,1.0,,
0,16x16,,439,,10,4,0.9,0.9,0.005,0,20.0,100.0,0.00011,0.0,1.0,,
0,16x16,,440,,10,4,0.9,0.9,0.005,0,20.0,100.0,0.00012,0.0,1.0,,
0,16x16,,441,,10,4,0.9,0.9,0.005,0,20.0,100.0,0.00016,0.0,1.0,,
0,16x16,,442,,10,4,0.9,0.9,0.005,0,20.0,100.0,0.00012,0.0,1.0,,
0,16x16,,443,,10,4,0.9,0.9,0.005,0,20.0,100.0,9e-05,0.0,1.0,,
0,16x16,,444,,10,4,0.9,0.9,0.005,0,20.0,100.0,9e-05,0.0,1.0,,
0,16x16,,445,,10,4,0.9,0.9,0.005,0,20.0,100.0,0.00011,0.0,1.0,,
0,16x16,,446,,10,4,0.9,0.9,0.005,0,20.0,100.0,0.00011,0.0,1.0,,
0,16x16,,447,,10,4,0.9,0.9,0.005,0,20.0,100.0,9e-05,0.0,1.0,,
0,16x16,,448,,10,4,0.9,0.9,0.005,0,20.0,100.0,9e-05,0.0,1.0,,
0,16x16,,449,,10,4,0.9,0.9,0.005,0,20.0,100.0,0.00012,0.0,1.0,,
0,16x16,,450,,10,4,0.9,0.9,0.005,0,20.0,100.0,8e-05,0.0,1.0,,
0,16x16,,451,,10,4,0.9,0.9,0.005,0,20.0,100.0,9e-05,0.0,1.0,,
0,16x16,,452,,10,4,0.9,0.9,0.005,0,20.0,100.0,0.00013,0.0,1.0,,
0,16x16,,453,,10,4,0.9,0.9,0.005,0,20.0,100.0,8e-05,0.0,1.0,,
0,16x16,,454,,10,4,0.9,0.9,0.005,0,20.0,100.0,0.0001,0.0,1.0,,
0,16x16,,455,,10,4,0.9,0.9,0.005,0,20.0,100.0,9e-05,0.0,1.0,,
0,16x16,,456,,10,4,0.9,0.9,0.005,0,20.0,100.0,0.00012,0.0,1.0,,
0,16x16,,457,,10,4,0.9,0.9,0.005,0,20.0,100.0,0.0001,0.0,1.0,,
0,16x16,,458,,10,4,0.9,0.9,0.005,0,20.0,100.0,0.00011,0.0,1.0,,
0,16x16,,459,,10,4,0.9,0.9,0.005,0,20.0,100.0,9e-05,0.0,1.0,,
0,16x16,,460,,10,4,0.9,0.9,0.005,0,20.0,100.0,0.0001,0.0,1.0,,
0,16x16,,461,,10,4,0.9,0.9,0.005,0,20.0,100.0,0.00011,0.0,1.0,,
0,16x16,,462,,10,4,0.9,0.9,0.005,0,20.0,100.0,9e-05,0.0,1.0,,
0,16x16,,463,,10,4,0.9,0.9,0.005,0,20.0,100.0,0.00014,0.0,1.0,,
0,16x16,,464,,10,4,0.9,0.9,0.005,0,20.0,100.0,9e-05,0.0,1.0,,
0,16x16,,465,,10,4,0.9,0.9,0.005,0,20.0,100.0,0.00011,0.0,1.0,,
0,16x16,,466,,10,4,0.9,0.9,0.005,0,20.0,100.0,0.00011,0.0,1.0,,
0,16x16,,467,,10,4,0.9,0.9,0.005,0,20.0,100.0,9e-05,0.0,1.0,,
0,16x16,,468,,10,4,0.9,0.9,0.005,0,20.0,100.0,0.0001,0.0,1.0,,
0,16x16,,469,,10,4,0.9,0.9,0.005,0,20.0,100.0,0.0001,0.0,1.0,,
0,16x16,,470,,10,4,0.9,0.9,0.005,0,20.0,100.0,9e-05,0.0,1.0,,
0,16x16,,471,,10,4,0.9,0.9,0.005,0,20.0,100.0,9e-05,0.0,1.0,,
0,16x16,,472,,10,4,0.9,0.9,0.005,0,20.0,100.0,0.00013,0.0,1.0,,
0,16x16,,473,,10,4,0.9,0.9,0.005,0,20.0,100.0,8e-05,0.0,1.0,,
0,16x16,,474,,10,4,0.9,0.9,0.005,0,20.0,100.0,8e-05,0.0,1.0,,
0,16x16,,475,,10,4,0.9,0.9,0.005,0,20.0,100.0,9e-05,0.0,1.0,,
0,16x16,,476,,10,4,0.9,0.9,0.005,0,20.0,100.0,8e-05,0.0,1.0,,
0,16x16,,477,,10,4,0.9,0.9,0.005,0,20.0,100.0,8e-05,0.0,1.0,,
0,16x16,,478,,10,4,0.9,0.9,0.005,0,20.0,100.0,0.00011,0.0,1.0,,
0,16x16,,479,,10,4,0.9,0.9,0.005,0,20.0,100.0,0.00014,0.0,1.0,,
0,16x16,,480,,10,4,0.9,0.9,0.005,0,20.0,100.0,8e-05,0.0,1.0,,
0,16x16,,481,,10,4,0.9,0.9,0.005,0,20.0,100.0,0.00011,0.0,1.0,,
0,16x16,,482,,10,4,0.9,0.9,0.005,0,20.0,100.0,9e-05,0.0,1.0,,
0,16x16,,483,,10,4,0.9,0.9,0.005,0,20.0,100.0,0.00013,0.0,1.0,,
0,16x16,,484,,10,4,0.9,0.9,0.005,0,20.0,100.0,0.00015,0.0,1.0,,
0,16x16,,485,,10,4,0.9,0.9,0.005,0,20.0,100.0,0.00016,0.0,1.0,,
0,16x16,,486,,10,4,0.9,0.9,0.005,0,20.0,100.0,9e-05,0.0,1.0,,
0,16x16,,487,,10,4,0.9,0.9,0.005,0,20.0,100.0,0.00012,0.0,1.0,,
0,16x16,,488,,10,4,0.9,0.9,0.005,0,20.0,100.0,0.0001,0.0,1.0,,
0,16x16,,489,,10,4,0.9,0.9,0.005,0,20.0,100.0,0.00015,0.0,1.0,,
0,16x16,,490,,10,4,0.9,0.9,0.005,0,20.0,100.0,9e-05,0.0,1.0,,
0,16x16,,491,,10,4,0.9,0.9,0.005,0,20.0,100.0,0.0001,0.0,1.0,,
0,16x16,,492,,10,4,0.9,0.9,0.005,0,20.0,100.0,0.00012,0.0,1.0,,
0,16x16,,493,,10,4,0.9,0.9,0.005,0,20.0,100.0,8e-05,0.0,1.0,,
0,16x16,,494,,10,4,0.9,0.9,0.005,0,20.0,100.0,8e-05,0.0,1.0,,
0,16x16,,495,,10,4,0.9,0.9,0.005,0,20.0,100.0,9e-05,0.0,1.0,,
0,16x16,,496,,10,4,0.9,0.9,0.005,0,20.0,100.0,0.00015,0.0,1.0,,
0,16x16,,497,,10,4,0.9,0.9,0.005,0,20.0,100.0,8e-05,0.0,1.0,,
0,16x16,,498,,10,4,0.9,0.9,0.005,0,20.0,100.0,9e-05,0.0,1.0,,
0,16x16,,499,,10,4,0.9,0.9,0.005,0,20.0,100.0,0.00014,0.0,1.0,,
0,16x16,,500,,10,4,0.9,0.9,0.005,0,20.0,100.0,8e-05,0.0,1.0,,
0,16x16,,501,,10,4,0.9,0.9,0.005,0,20.0,100.0,8e-05,0.0,1.0,,
0,16x16,,502,,10,4,0.9,0.9,0.005,0,20.0,100.0,0.0001,0.0,1.0,,
0,16x16,,503,,10,4,0.9,0.9,0.005,0,20.0,100.0,0.0001,0.0,1.0,,
0,16x16,,504,,10,4,0.9,0.9,0.005,0,20.0,100.0,0.00016,0.0,1.0,,
0,16x16,,505,,10,4,0.9,0.9,0.005,0,20.0,100.0,9e-05,0.0,1.0,,
0,16x16,,506,,10,4,0.9,0.9,0.005,0,20.0,100.0,0.00015,0.0,1.0,,
0,16x16,,507,,10,4,0.9,0.9,0.005,0,20.0,100.0,9e-05,0.0,1.0,,
0,16x16,,508,,10,4,0.9,0.9,0.005,0,20.0,100.0,0.00012,0.0,1.0,,
0,16x16,,509,,10,4,0.9,0.9,0.005,0,20.0,100.0,0.00012,0.0,1.0,,
0,16x16,,510,,10,4,0.9,0.9,0.005,0,20.0,100.0,0.0001,0.0,1.0,,
0,16x16,,511,,10,4,0.9,0.9,0.005,0,20.0,100.0,0.00013,0.0,1.0,,
0,16x16,,512,,10,4,0.9,0.9,0.005,0,20.0,100.0,8e-05,0.0,1.0,,
0,16x16,,513,,10,4,0.9,0.9,0.005,0,20.0,100.0,0.00025,0.0,1.0,,
0,16x16,,514,,10,4,0.9,0.9,0.005,0,20.0,100.0,9e-05,0.0,1.0,,
0,16x16,,515,,10,4,0.9,0.9,0.005,0,20.0,100.0,9e-05,0.0,1.0,,
0,16x16,,516,,10,4,0.9,0.9,0.005,0,20.0,100.0,9e-05,0.0,1.0,,
0,16x16,,517,,10,4,0.9,0.9,0.005,0,20.0,100.0,0.00012,0.0,1.0,,
0,16x16,,518,,10,4,0.9,0.9,0.005,0,20.0,100.0,9e-05,0.0,1.0,,
0,16x16,,519,,10,4,0.9,0.9,0.005,0,20.0,100.0,8e-05,0.0,1.0,,
0,16x16,,520,,10,4,0.9,0.9,0.005,0,20.0,100.0,0.00012,0.0,1.0,,
0,16x16,,521,,10,4,0.9,0.9,0.005,0,20.0,100.0,0.00011,0.0,1.0,,
0,16x16,,522,,10,4,0.9,0.9,0.005,0,20.0,100.0,0.00013,0.0,1.0,,
0,16x16,,523,,10,4,0.9,0.9,0.005,0,20.0,100.0,8e-05,0.0,1.0,,
0,16x16,,524,,10,4,0.9,0.9,0.005,0,20.0,100.0,0.00011,0.0,1.0,,
0,16x16,,525,,10,4,0.9,0.9,0.005,0,20.0,100.0,9e-05,0.0,1.0,,
0,16x16,,526,,10,4,0.9,0.9,0.005,0,20.0,100.0,0.0001,0.0,1.0,,
0,16x16,,527,,10,4,0.9,0.9,0.005,0,20.0,100.0,8e-05,0.0,1.0,,
0,16x16,,528,,10,4,0.9,0.9,0.005,0,20.0,100.0,0.00011,0.0,1.0,,
0,16x16,,529,,10,4,0.9,0.9,0.005,0,20.0,100.0,8e-05,0.0,1.0,,
0,16x16,,530,,10,4,0.9,0.9,0.005,0,20.0,100.0,8e-05,0.0,1.0,,
0,16x16,,531,,10,4,0.9,0.9,0.005,0,20.0,100.0,0.0001,0.0,1.0,,
0,16x16,,532,,10,4,0.9,0.9,0.005,0,20.0,100.0,9e-05,0.0,1.0,,
0,16x16,,533,,10,4,0.9,0.9,0.005,0,20.0,100.0,0.00011,0.0,1.0,,
0,16x16,,534,,10,4,0.9,0.9,0.005,0,20.0,100.0,0.0001,0.0,1.0,,
0,16x16,,535,,10,4,0.9,0.9,0.005,0,20.0,100.0,0.0001,0.0,1.0,,
0,16x16,,536,,10,4,0.9,0.9,0.005,0,20.0,100.0,0.00011,0.0,1.0,,
0,16x16,,537,,10,4,0.9,0.9,0.005,0,20.0,100.0,9e-05,0.0,1.0,,
0,16x16,,538,,10,4,0.9,0.9,0.005,0,20.0,100.0,0.00013,0.0,1.0,,
0,16x16,,539,,10,4,0.9,0.9,0.005,0,20.0,100.0,8e-05,0.0,1.0,,
0,16x16,,540,,10,4,0.9,0.9,0.005,0,20.0,100.0,0.00011,0.0,1.0,,
0,16x16,,541,,10,4,0.9,0.9,0.005,0,20.0,100.0,0.0001,0.0,1.0,,
0,16x16,,542,,10,4,0.9,0.9,0.005,0,20.0,100.0,0.00012,0.0,1.0,,
0,16x16,,543,,10,4,0.9,0.9,0.005,0,20.0,100.0,0.0001,0.0,1.0,,
0,16x16,,544,,10,4,0.9,0.9,0.005,0,20.0,100.0,0.00012,0.0,1.0,,
0,16x16,,545,,10,4,0.9,0.9,0.005,0,20.0,100.0,0.00012,0.0,1.0,,
0,16x16,,546,,10,4,0.9,0.9,0.005,0,20.0,100.0,0.0001,0.0,1.0,,
0,16x16,,547,,10,4,0.9,0.9,0.005,0,20.0,100.0,7e-05,0.0,1.0,,
0,16x16,,548,,10,4,0.9,0.9,0.005,0,20.0,100.0,0.00013,0.0,1.0,,
0,16x16,,549,,10,4,0.9,0.9,0.005,0,20.0,100.0,0.00023,0.0,1.0,,
0,16x16,,550,,10,4,0.9,0.9,0.005,0,20.0,100.0,8e-05,0.0,1.0,,
0,16x16,,551,,10,4,0.9,0.9,0.005,0,20.0,100.0,9e-05,0.0,1.0,,
0,16x16,,552,,10,4,0.9,0.9,0.005,0,20.0,100.0,0.0001,0.0,1.0,,
0,16x16,,553,,10,4,0.9,0.9,0.005,0,20.0,100.0,0.00011,0.0,1.0,,
0,16x16,,554,,10,4,0.9,0.9,0.005,0,20.0,100.0,8e-05,0.0,1.0,,
0,16x16,,555,,10,4,0.9,0.9,0.005,0,20.0,100.0,8e-05,0.0,1.0,,
0,16x16,,556,,10,4,0.9,0.9,0.005,0,20.0,100.0,9e-05,0.0,1.0,,
0,16x16,,557,,10,4,0.9,0.9,0.005,0,20.0,100.0,9e-05,0.0,1.0,,
0,16x16,,558,,10,4,0.9,0.9,0.005,0,20.0,100.0,8e-05,0.0,1.0,,
0,16x16,,559,,10,4,0.9,0.9,0.005,0,20.0,100.0,8e-05,0.0,1.0,,
0,16x16,,560,,10,4,0.9,0.9,0.005,0,20.0,100.0,9e-05,0.0,1.0,,
0,16x16,,561,,10,4,0.9,0.9,0.005,0,20.0,100.0,8e-05,0.0,1.0,,
0,16x16,,562,,10,4,0.9,0.9,0.005,0,20.0,100.0,9e-05,0.0,1.0,,
0,16x16,,563,,10,4,0.9,0.9,0.005,0,20.0,100.0,0.0001,0.0,1.0,,
0,16x16,,564,,10,4,0.9,0.9,0.005,0,20.0,100.0,0.00011,0.0,1.0,,
0,16x16,,565,,10,4,0.9,0.9,0.005,0,20.0,100.0,8e-05,0.0,1.0,,
0,16x16,,566,,10,4,0.9,0.9,0.005,0,20.0,100.0,8e-05,0.0,1.0,,
0,16x16,,567,,10,4,0.9,0.9,0.005,0,20.0,100.0,8e-05,0.0,1.0,,
0,16x16,,568,,10,4,0.9,0.9,0.005,0,20.0,100.0,0.00011,0.0,1.0,,
0,16x16,,569,,10,4,0.9,0.9,0.005,0,20.0,100.0,9e-05,0.0,1.0,,
0,16x16,,570,,10,4,0.9,0.9,0.005,0,20.0,100.0,9e-05,0.0,1.0,,
0,16x16,,571,,10,4,0.9,0.9,0.005,0,20.0,100.0,9e-05,0.0,1.0,,
0,16x16,,572,,10,4,0.9,0.9,0.005,0,20.0,100.0,0.0001,0.0,1.0,,
0,16x16,,573,,10,4,0.9,0.9,0.005,0,20.0,100.0,0.00011,0.0,1.0,,
0,16x16,,574,,10,4,0.9,0.9,0.005,0,20.0,100.0,8e-05,0.0,1.0,,
0,16x16,,575,,10,4,0.9,0.9,0.005,0,20.0,100.0,9e-05,0.0,1.0,,
0,16x16,,576,,10,4,0.9,0.9,0.005,0,20.0,100.0,0.0001,0.0,1.0,,
0,16x16,,577,,10,4,0.9,0.9,0.005,0,20.0,100.0,0.0001,0.0,1.0,,
0,16x16,,578,,10,4,0.9,0.9,0.005,0,20.0,100.0,9e-05,0.0,1.0,,
0,16x16,,579,,10,4,0.9,0.9,0.005,0,20.0,100.0,8e-05,0.0,1.0,,
0,16x16,,580,,10,4,0.9,0.9,0.005,0,20.0,100.0,9e-05,0.0,1.0,,
0,16x16,,581,,10,4,0.9,0.9,0.005,0,20.0,100.0,0.0001,0.0,1.0,,
0,16x16,,582,,10,4,0.9,0.9,0.005,0,20.0,100.0,9e-05,0.0,1.0,,
0,16x16,,583,,10,4,0.9,0.9,0.005,0,20.0,100.0,8e-05,0.0,1.0,,
0,16x16,,584,,10,4,0.9,0.9,0.005,0,20.0,100.0,8e-05,0.0,1.0,,
0,16x16,,585,,10,4,0.9,0.9,0.005,0,20.0,100.0,8e-05,0.0,1.0,,
0,16x16,,586,,10,4,0.9,0.9,0.005,0,20.0,100.0,9e-05,0.0,1.0,,
0,16x16,,587,,10,4,0.9,0.9,0.005,0,20.0,100.0,0.00016,0.0,1.0,,
0,16x16,,588,,10,4,0.9,0.9,0.005,0,20.0,100.0,0.0001,0.0,1.0,,
0,16x16,,589,,10,4,0.9,0.9,0.005,0,20.0,100.0,9e-05,0.0,1.0,,
0,16x16,,590,,10,4,0.9,0.9,0.005,0,20.0,100.0,0.00011,0.0,1.0,,
0,16x16,,591,,10,4,0.9,0.9,0.005,0,20.0,100.0,9e-05,0.0,1.0,,
0,16x16,,592,,10,4,0.9,0.9,0.005,0,20.0,100.0,9e-05,0.0,1.0,,
0,16x16,,593,,10,4,0.9,0.9,0.005,0,20.0,100.0,0.00014,0.0,1.0,,
0,16x16,,594,,10,4,0.9,0.9,0.005,0,20.0,100.0,9e-05,0.0,1.0,,
0,16x16,,595,,10,4,0.9,0.9,0.005,0,20.0,100.0,9e-05,0.0,1.0,,
0,16x16,,596,,10,4,0.9,0.9,0.005,0,20.0,100.0,9e-05,0.0,1.0,,
0,16x16,,597,,10,4,0.9,0.9,0.005,0,20.0,100.0,0.0001,0.0,1.0,,
0,16x16,,598,,10,4,0.9,0.9,0.005,0,20.0,100.0,9e-05,0.0,1.0,,
0,16x16,,599,,10,4,0.9,0.9,0.005,0,20.0,100.0,9e-05,0.0,1.0,,
0,16x16,,600,,10,4,0.9,0.9,0.005,0,20.0,100.0,9e-05,0.0,1.0,,
0,16x16,,601,,10,4,0.9,0.9,0.005,0,20.0,100.0,0.0001,0.0,1.0,,
0,16x16,,602,,10,4,0.9,0.9,0.005,0,20.0,100.0,8e-05,0.0,1.0,,
0,16x16,,603,,10,4,0.9,0.9,0.005,0,20.0,100.0,0.0001,0.0,1.0,,
0,16x16,,604,,10,4,0.9,0.9,0.005,0,20.0,100.0,0.00011,0.0,1.0,,
0,16x16,,605,,10,4,0.9,0.9,0.005,0,20.0,100.0,0.00011,0.0,1.0,,
0,16x16,,606,,10,4,0.9,0.9,0.005,0,20.0,100.0,0.0001,0.0,1.0,,
0,16x16,,607,,10,4,0.9,0.9,0.005,0,20.0,100.0,8e-05,0.0,1.0,,
0,16x16,,608,,10,4,0.9,0.9,0.005,0,20.0,100.0,9e-05,0.0,1.0,,
0,16x16,,609,,10,4,0.9,0.9,0.005,0,20.0,100.0,8e-05,0.0,1.0,,
0,16x16,,610,,10,4,0.9,0.9,0.005,0,20.0,100.0,8e-05,0.0,1.0,,
0,16x16,,611,,10,4,0.9,0.9,0.005,0,20.0,100.0,8e-05,0.0,1.0,,
0,16x16,,612,,10,4,0.9,0.9,0.005,0,20.0,100.0,9e-05,0.0,1.0,,
0,16x16,,613,,10,4,0.9,0.9,0.005,0,20.0,100.0,8e-05,0.0,1.0,,
0,16x16,,614,,10,4,0.9,0.9,0.005,0,20.0,100.0,8e-05,0.0,1.0,,
0,16x16,,615,,10,4,0.9,0.9,0.005,0,20.0,100.0,8e-05,0.0,1.0,,
0,16x16,,616,,10,4,0.9,0.9,0.005,0,20.0,100.0,9e-05,0.0,1.0,,
0,16x16,,617,,10,4,0.9,0.9,0.005,0,20.0,100.0,0.0001,0.0,1.0,,
0,16x16,,618,,10,4,0.9,0.9,0.005,0,20.0,100.0,8e-05,0.0,1.0,,
0,16x16,,619,,10,4,0.9,0.9,0.005,0,20.0,100.0,9e-05,0.0,1.0,,
0,16x16,,620,,10,4,0.9,0.9,0.005,0,20.0,100.0,0.0001,0.0,1.0,,
0,16x16,,621,,10,4,0.9,0.9,0.005,0,20.0,100.0,0.0001,0.0,1.0,,
0,16x16,,622,,10,4,0.9,0.9,0.005,0,20.0,100.0,8e-05,0.0,1.0,,
0,16x16,,623,,10,4,0.9,0.9,0.005,0,20.0,100.0,0.0001,0.0,1.0,,
0,16x16,,624,,10,4,0.9,0.9,0.005,0,20.0,100.0,8e-05,0.0,1.0,,
0,16x16,,625,,10,4,0.9,0.9,0.005,0,20.0,100.0,0.0001,0.0,1.0,,
0,16x16,,626,,10,4,0.9,0.9,0.005,0,20.0,100.0,8e-05,0.0,1.0,,
0,16x16,,627,,10,4,0.9,0.9,0.005,0,20.0,100.0,0.00011,0.0,1.0,,
0,16x16,,628,,10,4,0.9,0.9,0.005,0,20.0,100.0,0.00012,0.0,1.0,,
0,16x16,,629,,10,4,0.9,0.9,0.005,0,20.0,100.0,0.00011,0.0,1.0,,
0,16x16,,630,,10,4,0.9,0.9,0.005,0,20.0,100.0,0.00011,0.0,1.0,,
0,16x16,,631,,10,4,0.9,0.9,0.005,0,20.0,100.0,0.0001,0.0,1.0,,
0,16x16,,632,,10,4,0.9,0.9,0.005,0,20.0,100.0,9e-05,0.0,1.0,,
0,16x16,,633,,10,4,0.9,0.9,0.005,0,20.0,100.0,8e-05,0.0,1.0,,
0,16x16,,634,,10,4,0.9,0.9,0.005,0,20.0,100.0,0.00011,0.0,1.0,,
0,16x16,,635,,10,4,0.9,0.9,0.005,0,20.0,100.0,8e-05,0.0,1.0,,
0,16x16,,636,,10,4,0.9,0.9,0.005,0,20.0,100.0,9e-05,0.0,1.0,,
0,16x16,,637,,10,4,0.9,0.9,0.005,0,20.0,100.0,9e-05,0.0,1.0,,
0,16x16,,638,,10,4,0.9,0.9,0.005,0,20.0,100.0,9e-05,0.0,1.0,,
0,16x16,,639,,10,4,0.9,0.9,0.005,0,20.0,100.0,8e-05,0.0,1.0,,
0,16x16,,640,,10,4,0.9,0.9,0.005,0,20.0,100.0,0.00014,0.0,1.0,,
0,16x16,,641,,10,4,0.9,0.9,0.005,0,20.0,100.0,0.00016,0.0,1.0,,
0,16x16,,642,,10,4,0.9,0.9,0.005,0,20.0,100.0,0.0001,0.0,1.0,,
0,16x16,,643,,10,4,0.9,0.9,0.005,0,20.0,100.0,9e-05,0.0,1.0,,
0,16x16,,644,,10,4,0.9,0.9,0.005,0,20.0,100.0,0.0001,0.0,1.0,,
0,16x16,,645,,10,4,0.9,0.9,0.005,0,20.0,100.0,0.0001,0.0,1.0,,
0,16x16,,646,,10,4,0.9,0.9,0.005,0,20.0,100.0,8e-05,0.0,1.0,,
0,16x16,,647,,10,4,0.9,0.9,0.005,0,20.0,100.0,8e-05,0.0,1.0,,
0,16x16,,648,,10,4,0.9,0.9,0.005,0,20.0,100.0,9e-05,0.0,1.0,,
0,16x16,,649,,10,4,0.9,0.9,0.005,0,20.0,100.0,9e-05,0.0,1.0,,
0,16x16,,650,,10,4,0.9,0.9,0.005,0,20.0,100.0,9e-05,0.0,1.0,,
0,16x16,,651,,10,4,0.9,0.9,0.005,0,20.0,100.0,9e-05,0.0,1.0,,
0,16x16,,652,,10,4,0.9,0.9,0.005,0,20.0,100.0,9e-05,0.0,1.0,,
0,16x16,,653,,10,4,0.9,0.9,0.005,0,20.0,100.0,0.00051,0.0,1.0,,
0,16x16,,654,,10,4,0.9,0.9,0.005,0,20.0,100.0,9e-05,0.0,1.0,,
0,16x16,,655,,10,4,0.9,0.9,0.005,0,20.0,100.0,0.0001,0.0,1.0,,
0,16x16,,656,,10,4,0.9,0.9,0.005,0,20.0,100.0,9e-05,0.0,1.0,,
0,16x16,,657,,10,4,0.9,0.9,0.005,0,20.0,100.0,9e-05,0.0,1.0,,
0,16x16,,658,,10,4,0.9,0.9,0.005,0,20.0,100.0,8e-05,0.0,1.0,,
0,16x16,,659,,10,4,0.9,0.9,0.005,0,20.0,100.0,8e-05,0.0,1.0,,
0,16x16,,660,,10,4,0.9,0.9,0.005,0,20.0,100.0,8e-05,0.0,1.0,,
0,16x16,,661,,10,4,0.9,0.9,0.005,0,20.0,100.0,9e-05,0.0,1.0,,
0,16x16,,662,,10,4,0.9,0.9,0.005,0,20.0,100.0,8e-05,0.0,1.0,,
0,16x16,,663,,10,4,0.9,0.9,0.005,0,20.0,100.0,0.0001,0.0,1.0,,
0,16x16,,664,,10,4,0.9,0.9,0.005,0,20.0,100.0,8e-05,0.0,1.0,,
0,16x16,,665,,10,4,0.9,0.9,0.005,0,20.0,100.0,0.00012,0.0,1.0,,
0,16x16,,666,,10,4,0.9,0.9,0.005,0,20.0,100.0,8e-05,0.0,1.0,,
0,16x16,,667,,10,4,0.9,0.9,0.005,0,20.0,100.0,0.00014,0.0,1.0,,
0,16x16,,668,,10,4,0.9,0.9,0.005,0,20.0,100.0,0.00015,0.0,1.0,,
0,16x16,,669,,10,4,0.9,0.9,0.005,0,20.0,100.0,0.00011,0.0,1.0,,
0,16x16,,670,,10,4,0.9,0.9,0.005,0,20.0,100.0,0.00012,0.0,1.0,,
0,16x16,,671,,10,4,0.9,0.9,0.005,0,20.0,100.0,0.0001,0.0,1.0,,
0,16x16,,672,,10,4,0.9,0.9,0.005,0,20.0,100.0,0.00011,0.0,1.0,,
0,16x16,,673,,10,4,0.9,0.9,0.005,0,20.0,100.0,8e-05,0.0,1.0,,
0,16x16,,674,,10,4,0.9,0.9,0.005,0,20.0,100.0,8e-05,0.0,1.0,,
0,16x16,,675,,10,4,0.9,0.9,0.005,0,20.0,100.0,0.00012,0.0,1.0,,
0,16x16,,676,,10,4,0.9,0.9,0.005,0,20.0,100.0,9e-05,0.0,1.0,,
0,16x16,,677,,10,4,0.9,0.9,0.005,0,20.0,100.0,0.0001,0.0,1.0,,
0,16x16,,678,,10,4,0.9,0.9,0.005,0,20.0,100.0,0.00011,0.0,1.0,,
0,16x16,,679,,10,4,0.9,0.9,0.005,0,20.0,100.0,9e-05,0.0,1.0,,
0,16x16,,680,,10,4,0.9,0.9,0.005,0,20.0,100.0,0.0001,0.0,1.0,,
0,16x16,,681,,10,4,0.9,0.9,0.005,0,20.0,100.0,0.00012,0.0,1.0,,
0,16x16,,682,,10,4,0.9,0.9,0.005,0,20.0,100.0,9e-05,0.0,1.0,,
0,16x16,,683,,10,4,0.9,0.9,0.005,0,20.0,100.0,0.00011,0.0,1.0,,
0,16x16,,684,,10,4,0.9,0.9,0.005,0,20.0,100.0,0.0001,0.0,1.0,,
0,16x16,,685,,10,4,0.9,0.9,0.005,0,20.0,100.0,9e-05,0.0,1.0,,
0,16x16,,686,,10,4,0.9,0.9,0.005,0,20.0,100.0,9e-05,0.0,1.0,,
0,16x16,,687,,10,4,0.9,0.9,0.005,0,20.0,100.0,9e-05,0.0,1.0,,
0,16x16,,688,,10,4,0.9,0.9,0.005,0,20.0,100.0,0.00014,0.0,1.0,,
0,16x16,,689,,10,4,0.9,0.9,0.005,0,20.0,100.0,9e-05,0.0,1.0,,
0,16x16,,690,,10,4,0.9,0.9,0.005,0,20.0,100.0,8e-05,0.0,1.0,,
0,16x16,,691,,10,4,0.9,0.9,0.005,0,20.0,100.0,9e-05,0.0,1.0,,
0,16x16,,692,,10,4,0.9,0.9,0.005,0,20.0,100.0,9e-05,0.0,1.0,,
0,16x16,,693,,10,4,0.9,0.9,0.005,0,20.0,100.0,0.00012,0.0,1.0,,
0,16x16,,694,,10,4,0.9,0.9,0.005,0,20.0,100.0,0.00011,0.0,1.0,,
0,16x16,,695,,10,4,0.9,0.9,0.005,0,20.0,100.0,9e-05,0.0,1.0,,
0,16x16,,696,,10,4,0.9,0.9,0.005,0,20.0,100.0,0.00013,0.0,1.0,,
0,16x16,,697,,10,4,0.9,0.9,0.005,0,20.0,100.0,8e-05,0.0,1.0,,
0,16x16,,698,,10,4,0.9,0.9,0.005,0,20.0,100.0,8e-05,0.0,1.0,,
0,16x16,,699,,10,4,0.9,0.9,0.005,0,20.0,100.0,0.0001,0.0,1.0,,
0,16x16,,700,,10,4,0.9,0.9,0.005,0,20.0,100.0,0.0005,0.0,1.0,,
0,16x16,,701,,10,4,0.9,0.9,0.005,0,20.0,100.0,8e-05,0.0,1.0,,
0,16x16,,702,,10,4,0.9,0.9,0.005,0,20.0,100.0,8e-05,0.0,1.0,,
0,16x16,,703,,10,4,0.9,0.9,0.005,0,20.0,100.0,9e-05,0.0,1.0,,
0,16x16,,704,,10,4,0.9,0.9,0.005,0,20.0,100.0,0.00019,0.0,1.0,,
0,16x16,,705,,10,4,0.9,0.9,0.005,0,20.0,100.0,0.0001,0.0,1.0,,
0,16x16,,706,,10,4,0.9,0.9,0.005,0,20.0,100.0,9e-05,0.0,1.0,,
0,16x16,,707,,10,4,0.9,0.9,0.005,0,20.0,100.0,0.00012,0.0,1.0,,
0,16x16,,708,,10,4,0.9,0.9,0.005,0,20.0,100.0,8e-05,0.0,1.0,,
0,16x16,,709,,10,4,0.9,0.9,0.005,0,20.0,100.0,0.0001,0.0,1.0,,
0,16x16,,710,,10,4,0.9,0.9,0.005,0,20.0,100.0,8e-05,0.0,1.0,,
0,16x16,,711,,10,4,0.9,0.9,0.005,0,20.0,100.0,0.00014,0.0,1.0,,
0,16x16,,712,,10,4,0.9,0.9,0.005,0,20.0,100.0,8e-05,0.0,1.0,,
0,16x16,,713,,10,4,0.9,0.9,0.005,0,20.0,100.0,8e-05,0.0,1.0,,
0,16x16,,714,,10,4,0.9,0.9,0.005,0,20.0,100.0,8e-05,0.0,1.0,,
0,16x16,,715,,10,4,0.9,0.9,0.005,0,20.0,100.0,0.00011,0.0,1.0,,
0,16x16,,716,,10,4,0.9,0.9,0.005,0,20.0,100.0,8e-05,0.0,1.0,,
0,16x16,,717,,10,4,0.9,0.9,0.005,0,20.0,100.0,8e-05,0.0,1.0,,
0,16x16,,718,,10,4,0.9,0.9,0.005,0,20.0,100.0,0.00011,0.0,1.0,,
0,16x16,,719,,10,4,0.9,0.9,0.005,0,20.0,100.0,8e-05,0.0,1.0,,
0,16x16,,720,,10,4,0.9,0.9,0.005,0,20.0,100.0,8e-05,0.0,1.0,,
0,16x16,,721,,10,4,0.9,0.9,0.005,0,20.0,100.0,0.0001,0.0,1.0,,
0,16x16,,722,,10,4,0.9,0.9,0.005,0,20.0,100.0,8e-05,0.0,1.0,,
0,16x16,,723,,10,4,0.9,0.9,0.005,0,20.0,100.0,9e-05,0.0,1.0,,
0,16x16,,724,,10,4,0.9,0.9,0.005,0,20.0,100.0,0.0001,0.0,1.0,,
0,16x16,,725,,10,4,0.9,0.9,0.005,0,20.0,100.0,0.0001,0.0,1.0,,
0,16x16,,726,,10,4,0.9,0.9,0.005,0,20.0,100.0,8e-05,0.0,1.0,,
0,16x16,,727,,10,4,0.9,0.9,0.005,0,20.0,100.0,0.00012,0.0,1.0,,
0,16x16,,728,,10,4,0.9,0.9,0.005,0,20.0,100.0,8e-05,0.0,1.0,,
0,16x16,,729,,10,4,0.9,0.9,0.005,0,20.0,100.0,9e-05,0.0,1.0,,
0,16x16,,730,,10,4,0.9,0.9,0.005,0,20.0,100.0,9e-05,0.0,1.0,,
0,16x16,,731,,10,4,0.9,0.9,0.005,0,20.0,100.0,0.0001,0.0,1.0,,
0,16x16,,732,,10,4,0.9,0.9,0.005,0,20.0,100.0,0.0001,0.0,1.0,,
0,16x16,,733,,10,4,0.9,0.9,0.005,0,20.0,100.0,0.00015,0.0,1.0,,
0,16x16,,734,,10,4,0.9,0.9,0.005,0,20.0,100.0,9e-05,0.0,1.0,,
0,16x16,,735,,10,4,0.9,0.9,0.005,0,20.0,100.0,0.00011,0.0,1.0,,
0,16x16,,736,,10,4,0.9,0.9,0.005,0,20.0,100.0,0.00012,0.0,1.0,,
0,16x16,,737,,10,4,0.9,0.9,0.005,0,20.0,100.0,0.0001,0.0,1.0,,
0,16x16,,738,,10,4,0.9,0.9,0.005,0,20.0,100.0,9e-05,0.0,1.0,,
0,16x16,,739,,10,4,0.9,0.9,0.005,0,20.0,100.0,9e-05,0.0,1.0,,
0,16x16,,740,,10,4,0.9,0.9,0.005,0,20.0,100.0,8e-05,0.0,1.0,,
0,16x16,,741,,10,4,0.9,0.9,0.005,0,20.0,100.0,0.0001,0.0,1.0,,
0,16x16,,742,,10,4,0.9,0.9,0.005,0,20.0,100.0,9e-05,0.0,1.0,,
0,16x16,,743,,10,4,0.9,0.9,0.005,0,20.0,100.0,0.0001,0.0,1.0,,
0,16x16,,744,,10,4,0.9,0.9,0.005,0,20.0,100.0,9e-05,0.0,1.0,,
0,16x16,,745,,10,4,0.9,0.9,0.005,0,20.0,100.0,0.0001,0.0,1.0,,
0,16x16,,746,,10,4,0.9,0.9,0.005,0,20.0,100.0,8e-05,0.0,1.0,,
0,16x16,,747,,10,4,0.9,0.9,0.005,0,20.0,100.0,8e-05,0.0,1.0,,
0,16x16,,748,,10,4,0.9,0.9,0.005,0,20.0,100.0,0.0001,0.0,1.0,,
0,16x16,,749,,10,4,0.9,0.9,0.005,0,20.0,100.0,8e-05,0.0,1.0,,
0,16x16,,750,,10,4,0.9,0.9,0.005,0,20.0,100.0,0.00011,0.0,1.0,,
0,16x16,,751,,10,4,0.9,0.9,0.005,0,20.0,100.0,9e-05,0.0,1.0,,
0,16x16,,752,,10,4,0.9,0.9,0.005,0,20.0,100.0,9e-05,0.0,1.0,,
0,16x16,,753,,10,4,0.9,0.9,0.005,0,20.0,100.0,8e-05,0.0,1.0,,
0,16x16,,754,,10,4,0.9,0.9,0.005,0,20.0,100.0,9e-05,0.0,1.0,,
0,16x16,,755,,10,4,0.9,0.9,0.005,0,20.0,100.0,0.0001,0.0,1.0,,
0,16x16,,756,,10,4,0.9,0.9,0.005,0,20.0,100.0,0.0001,0.0,1.0,,
0,16x16,,757,,10,4,0.9,0.9,0.005,0,20.0,100.0,0.0001,0.0,1.0,,
0,16x16,,758,,10,4,0.9,0.9,0.005,0,20.0,100.0,8e-05,0.0,1.0,,
0,16x16,,759,,10,4,0.9,0.9,0.005,0,20.0,100.0,0.0001,0.0,1.0,,
0,16x16,,760,,10,4,0.9,0.9,0.005,0,20.0,100.0,0.00011,0.0,1.0,,
0,16x16,,761,,10,4,0.9,0.9,0.005,0,20.0,100.0,7e-05,0.0,1.0,,
0,16x16,,762,,10,4,0.9,0.9,0.005,0,20.0,100.0,9e-05,0.0,1.0,,
0,16x16,,763,,10,4,0.9,0.9,0.005,0,20.0,100.0,0.0001,0.0,1.0,,
0,16x16,,764,,10,4,0.9,0.9,0.005,0,20.0,100.0,0.00012,0.0,1.0,,
0,16x16,,765,,10,4,0.9,0.9,0.005,0,20.0,100.0,9e-05,0.0,1.0,,
0,16x16,,766,,10,4,0.9,0.9,0.005,0,20.0,100.0,9e-05,0.0,1.0,,
0,16x16,,767,,10,4,0.9,0.9,0.005,0,20.0,100.0,9e-05,0.0,1.0,,
0,16x16,,768,,10,4,0.9,0.9,0.005,0,20.0,100.0,0.0001,0.0,1.0,,
0,16x16,,769,,10,4,0.9,0.9,0.005,0,20.0,100.0,9e-05,0.0,1.0,,
0,16x16,,770,,10,4,0.9,0.9,0.005,0,20.0,100.0,9e-05,0.0,1.0,,
0,16x16,,771,,10,4,0.9,0.9,0.005,0,20.0,100.0,0.0001,0.0,1.0,,
0,16x16,,772,,10,4,0.9,0.9,0.005,0,20.0,100.0,9e-05,0.0,1.0,,
0,16x16,,773,,10,4,0.9,0.9,0.005,0,20.0,100.0,7e-05,0.0,1.0,,
0,16x16,,774,,10,4,0.9,0.9,0.005,0,20.0,100.0,0.00021,0.0,1.0,,
0,16x16,,775,,10,4,0.9,0.9,0.005,0,20.0,100.0,8e-05,0.0,1.0,,
0,16x16,,776,,10,4,0.9,0.9,0.005,0,20.0,100.0,9e-05,0.0,1.0,,
0,16x16,,777,,10,4,0.9,0.9,0.005,0,20.0,100.0,9e-05,0.0,1.0,,
0,16x16,,778,,10,4,0.9,0.9,0.005,0,20.0,100.0,0.0001,0.0,1.0,,
0,16x16,,779,,10,4,0.9,0.9,0.005,0,20.0,100.0,8e-05,0.0,1.0,,
0,16x16,,780,,10,4,0.9,0.9,0.005,0,20.0,100.0,0.00012,0.0,1.0,,
0,16x16,,781,,10,4,0.9,0.9,0.005,0,20.0,100.0,8e-05,0.0,1.0,,
0,16x16,,782,,10,4,0.9,0.9,0.005,0,20.0,100.0,0.00014,0.0,1.0,,
0,16x16,,783,,10,4,0.9,0.9,0.005,0,20.0,100.0,0.00013,0.0,1.0,,
0,16x16,,784,,10,4,0.9,0.9,0.005,0,20.0,100.0,0.00011,0.0,1.0,,
0,16x16,,785,,10,4,0.9,0.9,0.005,0,20.0,100.0,0.00017,0.0,1.0,,
0,16x16,,786,,10,4,0.9,0.9,0.005,0,20.0,100.0,0.00011,0.0,1.0,,
0,16x16,,787,,10,4,0.9,0.9,0.005,0,20.0,100.0,9e-05,0.0,1.0,,
0,16x16,,788,,10,4,0.9,0.9,0.005,0,20.0,100.0,0.00013,0.0,1.0,,
0,16x16,,789,,10,4,0.9,0.9,0.005,0,20.0,100.0,9e-05,0.0,1.0,,
0,16x16,,790,,10,4,0.9,0.9,0.005,0,20.0,100.0,8e-05,0.0,1.0,,
0,16x16,,791,,10,4,0.9,0.9,0.005,0,20.0,100.0,0.00012,0.0,1.0,,
0,16x16,,792,,10,4,0.9,0.9,0.005,0,20.0,100.0,8e-05,0.0,1.0,,
0,16x16,,793,,10,4,0.9,0.9,0.005,0,20.0,100.0,8e-05,0.0,1.0,,
0,16x16,,794,,10,4,0.9,0.9,0.005,0,20.0,100.0,0.0001,0.0,1.0,,
0,16x16,,795,,10,4,0.9,0.9,0.005,0,20.0,100.0,0.00013,0.0,1.0,,
0,16x16,,796,,10,4,0.9,0.9,0.005,0,20.0,100.0,8e-05,0.0,1.0,,
0,16x16,,797,,10,4,0.9,0.9,0.005,0,20.0,100.0,0.00012,0.0,1.0,,
0,16x16,,798,,10,4,0.9,0.9,0.005,0,20.0,100.0,0.0001,0.0,1.0,,
0,16x16,,799,,10,4,0.9,0.9,0.005,0,20.0,100.0,8e-05,0.0,1.0,,
0,16x16,,800,,10,4,0.9,0.9,0.005,0,20.0,100.0,0.0001,0.0,1.0,,
0,16x16,,801,,10,4,0.9,0.9,0.005,0,20.0,100.0,8e-05,0.0,1.0,,
0,16x16,,802,,10,4,0.9,0.9,0.005,0,20.0,100.0,0.0001,0.0,1.0,,
0,16x16,,803,,10,4,0.9,0.9,0.005,0,20.0,100.0,0.00011,0.0,1.0,,
0,16x16,,804,,10,4,0.9,0.9,0.005,0,20.0,100.0,8e-05,0.0,1.0,,
0,16x16,,805,,10,4,0.9,0.9,0.005,0,20.0,100.0,0.00012,0.0,1.0,,
0,16x16,,806,,10,4,0.9,0.9,0.005,0,20.0,100.0,9e-05,0.0,1.0,,
0,16x16,,807,,10,4,0.9,0.9,0.005,0,20.0,100.0,9e-05,0.0,1.0,,
0,16x16,,808,,10,4,0.9,0.9,0.005,0,20.0,100.0,9e-05,0.0,1.0,,
0,16x16,,809,,10,4,0.9,0.9,0.005,0,20.0,100.0,9e-05,0.0,1.0,,
0,16x16,,810,,10,4,0.9,0.9,0.005,0,20.0,100.0,9e-05,0.0,1.0,,
0,16x16,,811,,10,4,0.9,0.9,0.005,0,20.0,100.0,9e-05,0.0,1.0,,
0,16x16,,812,,10,4,0.9,0.9,0.005,0,20.0,100.0,9e-05,0.0,1.0,,
0,16x16,,813,,10,4,0.9,0.9,0.005,0,20.0,100.0,0.00011,0.0,1.0,,
0,16x16,,814,,10,4,0.9,0.9,0.005,0,20.0,100.0,8e-05,0.0,1.0,,
0,16x16,,815,,10,4,0.9,0.9,0.005,0,20.0,100.0,9e-05,0.0,1.0,,
0,16x16,,816,,10,4,0.9,0.9,0.005,0,20.0,100.0,0.0001,0.0,1.0,,
0,16x16,,817,,10,4,0.9,0.9,0.005,0,20.0,100.0,9e-05,0.0,1.0,,
0,16x16,,818,,10,4,0.9,0.9,0.005,0,20.0,100.0,0.0001,0.0,1.0,,
0,16x16,,819,,10,4,0.9,0.9,0.005,0,20.0,100.0,0.0001,0.0,1.0,,
0,16x16,,820,,10,4,0.9,0.9,0.005,0,20.0,100.0,9e-05,0.0,1.0,,
0,16x16,,821,,10,4,0.9,0.9,0.005,0,20.0,100.0,9e-05,0.0,1.0,,
0,16x16,,822,,10,4,0.9,0.9,0.005,0,20.0,100.0,0.0001,0.0,1.0,,
0,16x16,,823,,10,4,0.9,0.9,0.005,0,20.0,100.0,0.00012,0.0,1.0,,
0,16x16,,824,,10,4,0.9,0.9,0.005,0,20.0,100.0,0.00016,0.0,1.0,,
0,16x16,,825,,10,4,0.9,0.9,0.005,0,20.0,100.0,0.0001,0.0,1.0,,
0,16x16,,826,,10,4,0.9,0.9,0.005,0,20.0,100.0,0.00011,0.0,1.0,,
0,16x16,,827,,10,4,0.9,0.9,0.005,0,20.0,100.0,0.0001,0.0,1.0,,
0,16x16,,828,,10,4,0.9,0.9,0.005,0,20.0,100.0,9e-05,0.0,1.0,,
0,16x16,,829,,10,4,0.9,0.9,0.005,0,20.0,100.0,0.0001,0.0,1.0,,
0,16x16,,830,,10,4,0.9,0.9,0.005,0,20.0,100.0,0.0001,0.0,1.0,,
0,16x16,,831,,10,4,0.9,0.9,0.005,0,20.0,100.0,0.0001,0.0,1.0,,
0,16x16,,832,,10,4,0.9,0.9,0.005,0,20.0,100.0,0.00012,0.0,1.0,,
0,16x16,,833,,10,4,0.9,0.9,0.005,0,20.0,100.0,0.0001,0.0,1.0,,
0,16x16,,834,,10,4,0.9,0.9,0.005,0,20.0,100.0,9e-05,0.0,1.0,,
0,16x16,,835,,10,4,0.9,0.9,0.005,0,20.0,100.0,0.00011,0.0,1.0,,
0,16x16,,836,,10,4,0.9,0.9,0.005,0,20.0,100.0,9e-05,0.0,1.0,,
0,16x16,,837,,10,4,0.9,0.9,0.005,0,20.0,100.0,9e-05,0.0,1.0,,
0,16x16,,838,,10,4,0.9,0.9,0.005,0,20.0,100.0,0.00011,0.0,1.0,,
0,16x16,,839,,10,4,0.9,0.9,0.005,0,20.0,100.0,9e-05,0.0,1.0,,
0,16x16,,840,,10,4,0.9,0.9,0.005,0,20.0,100.0,8e-05,0.0,1.0,,
0,16x16,,841,,10,4,0.9,0.9,0.005,0,20.0,100.0,8e-05,0.0,1.0,,
0,16x16,,842,,10,4,0.9,0.9,0.005,0,20.0,100.0,9e-05,0.0,1.0,,
0,16x16,,843,,10,4,0.9,0.9,0.005,0,20.0,100.0,0.00014,0.0,1.0,,
0,16x16,,844,,10,4,0.9,0.9,0.005,0,20.0,100.0,0.00011,0.0,1.0,,
0,16x16,,845,,10,4,0.9,0.9,0.005,0,20.0,100.0,0.00011,0.0,1.0,,
0,16x16,,846,,10,4,0.9,0.9,0.005,0,20.0,100.0,0.00011,0.0,1.0,,
0,16x16,,847,,10,4,0.9,0.9,0.005,0,20.0,100.0,9e-05,0.0,1.0,,
0,16x16,,848,,10,4,0.9,0.9,0.005,0,20.0,100.0,9e-05,0.0,1.0,,
0,16x16,,849,,10,4,0.9,0.9,0.005,0,20.0,100.0,0.0001,0.0,1.0,,
0,16x16,,850,,10,4,0.9,0.9,0.005,0,20.0,100.0,8e-05,0.0,1.0,,
0,16x16,,851,,10,4,0.9,0.9,0.005,0,20.0,100.0,0.0001,0.0,1.0,,
0,16x16,,852,,10,4,0.9,0.9,0.005,0,20.0,100.0,9e-05,0.0,1.0,,
0,16x16,,853,,10,4,0.9,0.9,0.005,0,20.0,100.0,0.0001,0.0,1.0,,
0,16x16,,854,,10,4,0.9,0.9,0.005,0,20.0,100.0,8e-05,0.0,1.0,,
0,16x16,,855,,10,4,0.9,0.9,0.005,0,20.0,100.0,9e-05,0.0,1.0,,
0,16x16,,856,,10,4,0.9,0.9,0.005,0,20.0,100.0,0.00011,0.0,1.0,,
0,16x16,,857,,10,4,0.9,0.9,0.005,0,20.0,100.0,0.00013,0.0,1.0,,
0,16x16,,858,,10,4,0.9,0.9,0.005,0,20.0,100.0,0.00011,0.0,1.0,,
0,16x16,,859,,10,4,0.9,0.9,0.005,0,20.0,100.0,0.00012,0.0,1.0,,
0,16x16,,860,,10,4,0.9,0.9,0.005,0,20.0,100.0,9e-05,0.0,1.0,,
0,16x16,,861,,10,4,0.9,0.9,0.005,0,20.0,100.0,9e-05,0.0,1.0,,
0,16x16,,862,,10,4,0.9,0.9,0.005,0,20.0,100.0,0.0001,0.0,1.0,,
0,16x16,,863,,10,4,0.9,0.9,0.005,0,20.0,100.0,8e-05,0.0,1.0,,
0,16x16,,864,,10,4,0.9,0.9,0.005,0,20.0,100.0,0.0001,0.0,1.0,,
0,16x16,,865,,10,4,0.9,0.9,0.005,0,20.0,100.0,0.0001,0.0,1.0,,
0,16x16,,866,,10,4,0.9,0.9,0.005,0,20.0,100.0,0.0001,0.0,1.0,,
0,16x16,,867,,10,4,0.9,0.9,0.005,0,20.0,100.0,0.00012,0.0,1.0,,
0,16x16,,868,,10,4,0.9,0.9,0.005,0,20.0,100.0,0.0001,0.0,1.0,,
0,16x16,,869,,10,4,0.9,0.9,0.005,0,20.0,100.0,0.00012,0.0,1.0,,
0,16x16,,870,,10,4,0.9,0.9,0.005,0,20.0,100.0,9e-05,0.0,1.0,,
0,16x16,,871,,10,4,0.9,0.9,0.005,0,20.0,100.0,9e-05,0.0,1.0,,
0,16x16,,872,,10,4,0.9,0.9,0.005,0,20.0,100.0,9e-05,0.0,1.0,,
0,16x16,,873,,10,4,0.9,0.9,0.005,0,20.0,100.0,9e-05,0.0,1.0,,
0,16x16,,874,,10,4,0.9,0.9,0.005,0,20.0,100.0,9e-05,0.0,1.0,,
0,16x16,,875,,10,4,0.9,0.9,0.005,0,20.0,100.0,8e-05,0.0,1.0,,
0,16x16,,876,,10,4,0.9,0.9,0.005,0,20.0,100.0,9e-05,0.0,1.0,,
0,16x16,,877,,10,4,0.9,0.9,0.005,0,20.0,100.0,0.0001,0.0,1.0,,
0,16x16,,878,,10,4,0.9,0.9,0.005,0,20.0,100.0,0.00011,0.0,1.0,,
0,16x16,,879,,10,4,0.9,0.9,0.005,0,20.0,100.0,9e-05,0.0,1.0,,
0,16x16,,880,,10,4,0.9,0.9,0.005,0,20.0,100.0,9e-05,0.0,1.0,,
0,16x16,,881,,10,4,0.9,0.9,0.005,0,20.0,100.0,9e-05,0.0,1.0,,
0,16x16,,882,,10,4,0.9,0.9,0.005,0,20.0,100.0,9e-05,0.0,1.0,,
0,16x16,,883,,10,4,0.9,0.9,0.005,0,20.0,100.0,9e-05,0.0,1.0,,
0,16x16,,884,,10,4,0.9,0.9,0.005,0,20.0,100.0,8e-05,0.0,1.0,,
0,16x16,,885,,10,4,0.9,0.9,0.005,0,20.0,100.0,8e-05,0.0,1.0,,
0,16x16,,886,,10,4,0.9,0.9,0.005,0,20.0,100.0,9e-05,0.0,1.0,,
0,16x16,,887,,10,4,0.9,0.9,0.005,0,20.0,100.0,9e-05,0.0,1.0,,
0,16x16,,888,,10,4,0.9,0.9,0.005,0,20.0,100.0,0.0001,0.0,1.0,,
0,16x16,,889,,10,4,0.9,0.9,0.005,0,20.0,100.0,9e-05,0.0,1.0,,
0,16x16,,890,,10,4,0.9,0.9,0.005,0,20.0,100.0,8e-05,0.0,1.0,,
0,16x16,,891,,10,4,0.9,0.9,0.005,0,20.0,100.0,8e-05,0.0,1.0,,
0,16x16,,892,,10,4,0.9,0.9,0.005,0,20.0,100.0,9e-05,0.0,1.0,,
0,16x16,,893,,10,4,0.9,0.9,0.005,0,20.0,100.0,0.00018,0.0,1.0,,
0,16x16,,894,,10,4,0.9,0.9,0.005,0,20.0,100.0,0.00011,0.0,1.0,,
0,16x16,,895,,10,4,0.9,0.9,0.005,0,20.0,100.0,8e-05,0.0,1.0,,
0,16x16,,896,,10,4,0.9,0.9,0.005,0,20.0,100.0,0.0001,0.0,1.0,,
0,16x16,,897,,10,4,0.9,0.9,0.005,0,20.0,100.0,9e-05,0.0,1.0,,
0,16x16,,898,,10,4,0.9,0.9,0.005,0,20.0,100.0,0.00012,0.0,1.0,,
0,16x16,,899,,10,4,0.9,0.9,0.005,0,20.0,100.0,0.00011,0.0,1.0,,
0,16x16,,900,,10,4,0.9,0.9,0.005,0,20.0,100.0,0.0001,0.0,1.0,,
0,16x16,,901,,10,4,0.9,0.9,0.005,0,20.0,100.0,0.00015,0.0,1.0,,
0,16x16,,902,,10,4,0.9,0.9,0.005,0,20.0,100.0,9e-05,0.0,1.0,,
0,16x16,,903,,10,4,0.9,0.9,0.005,0,20.0,100.0,0.00011,0.0,1.0,,
0,16x16,,904,,10,4,0.9,0.9,0.005,0,20.0,100.0,9e-05,0.0,1.0,,
0,16x16,,905,,10,4,0.9,0.9,0.005,0,20.0,100.0,9e-05,0.0,1.0,,
0,16x16,,906,,10,4,0.9,0.9,0.005,0,20.0,100.0,0.0001,0.0,1.0,,
0,16x16,,907,,10,4,0.9,0.9,0.005,0,20.0,100.0,0.00011,0.0,1.0,,
0,16x16,,908,,10,4,0.9,0.9,0.005,0,20.0,100.0,9e-05,0.0,1.0,,
0,16x16,,909,,10,4,0.9,0.9,0.005,0,20.0,100.0,0.00012,0.0,1.0,,
0,16x16,,910,,10,4,0.9,0.9,0.005,0,20.0,100.0,0.0001,0.0,1.0,,
0,16x16,,911,,10,4,0.9,0.9,0.005,0,20.0,100.0,9e-05,0.0,1.0,,
0,16x16,,912,,10,4,0.9,0.9,0.005,0,20.0,100.0,9e-05,0.0,1.0,,
0,16x16,,913,,10,4,0.9,0.9,0.005,0,20.0,100.0,9e-05,0.0,1.0,,
0,16x16,,914,,10,4,0.9,0.9,0.005,0,20.0,100.0,0.0001,0.0,1.0,,
0,16x16,,915,,10,4,0.9,0.9,0.005,0,20.0,100.0,0.00011,0.0,1.0,,
0,16x16,,916,,10,4,0.9,0.9,0.005,0,20.0,100.0,0.00013,0.0,1.0,,
0,16x16,,917,,10,4,0.9,0.9,0.005,0,20.0,100.0,9e-05,0.0,1.0,,
0,16x16,,918,,10,4,0.9,0.9,0.005,0,20.0,100.0,9e-05,0.0,1.0,,
0,16x16,,919,,10,4,0.9,0.9,0.005,0,20.0,100.0,9e-05,0.0,1.0,,
0,16x16,,920,,10,4,0.9,0.9,0.005,0,20.0,100.0,9e-05,0.0,1.0,,
0,16x16,,921,,10,4,0.9,0.9,0.005,0,20.0,100.0,0.0001,0.0,1.0,,
0,16x16,,922,,10,4,0.9,0.9,0.005,0,20.0,100.0,9e-05,0.0,1.0,,
0,16x16,,923,,10,4,0.9,0.9,0.005,0,20.0,100.0,0.00015,0.0,1.0,,
0,16x16,,924,,10,4,0.9,0.9,0.005,0,20.0,100.0,0.0001,0.0,1.0,,
0,16x16,,925,,10,4,0.9,0.9,0.005,0,20.0,100.0,9e-05,0.0,1.0,,
0,16x16,,926,,10,4,0.9,0.9,0.005,0,20.0,100.0,9e-05,0.0,1.0,,
0,16x16,,927,,10,4,0.9,0.9,0.005,0,20.0,100.0,9e-05,0.0,1.0,,
0,16x16,,928,,10,4,0.9,0.9,0.005,0,20.0,100.0,0.0001,0.0,1.0,,
0,16x16,,929,,10,4,0.9,0.9,0.005,0,20.0,100.0,9e-05,0.0,1.0,,
0,16x16,,930,,10,4,0.9,0.9,0.005,0,20.0,100.0,9e-05,0.0,1.0,,
0,16x16,,931,,10,4,0.9,0.9,0.005,0,20.0,100.0,0.0001,0.0,1.0,,
0,16x16,,932,,10,4,0.9,0.9,0.005,0,20.0,100.0,9e-05,0.0,1.0,,
0,16x16,,933,,10,4,0.9,0.9,0.005,0,20.0,100.0,9e-05,0.0,1.0,,
0,16x16,,934,,10,4,0.9,0.9,0.005,0,20.0,100.0,9e-05,0.0,1.0,,
0,16x16,,935,,10,4,0.9,0.9,0.005,0,20.0,100.0,9e-05,0.0,1.0,,
0,16x16,,936,,10,4,0.9,0.9,0.005,0,20.0,100.0,8e-05,0.0,1.0,,
0,16x16,,937,,10,4,0.9,0.9,0.005,0,20.0,100.0,0.0001,0.0,1.0,,
0,16x16,,938,,10,4,0.9,0.9,0.005,0,20.0,100.0,0.0001,0.0,1.0,,
0,16x16,,939,,10,4,0.9,0.9,0.005,0,20.0,100.0,0.0001,0.0,1.0,,
0,16x16,,940,,10,4,0.9,0.9,0.005,0,20.0,100.0,8e-05,0.0,1.0,,
0,16x16,,941,,10,4,0.9,0.9,0.005,0,20.0,100.0,9e-05,0.0,1.0,,
0,16x16,,942,,10,4,0.9,0.9,0.005,0,20.0,100.0,0.00012,0.0,1.0,,
0,16x16,,943,,10,4,0.9,0.9,0.005,0,20.0,100.0,0.0001,0.0,1.0,,
0,16x16,,944,,10,4,0.9,0.9,0.005,0,20.0,100.0,0.0001,0.0,1.0,,
0,16x16,,945,,10,4,0.9,0.9,0.005,0,20.0,100.0,9e-05,0.0,1.0,,
0,16x16,,946,,10,4,0.9,0.9,0.005,0,20.0,100.0,0.0001,0.0,1.0,,
0,16x16,,947,,10,4,0.9,0.9,0.005,0,20.0,100.0,9e-05,0.0,1.0,,
0,16x16,,948,,10,4,0.9,0.9,0.005,0,20.0,100.0,9e-05,0.0,1.0,,
0,16x16,,949,,10,4,0.9,0.9,0.005,0,20.0,100.0,9e-05,0.0,1.0,,
0,16x16,,950,,10,4,0.9,0.9,0.005,0,20.0,100.0,0.00011,0.0,1.0,,
0,16x16,,951,,10,4,0.9,0.9,0.005,0,20.0,100.0,9e-05,0.0,1.0,,
0,16x16,,952,,10,4,0.9,0.9,0.005,0,20.0,100.0,9e-05,0.0,1.0,,
0,16x16,,953,,10,4,0.9,0.9,0.005,0,20.0,100.0,9e-05,0.0,1.0,,
0,16x16,,954,,10,4,0.9,0.9,0.005,0,20.0,100.0,0.0001,0.0,1.0,,
0,16x16,,955,,10,4,0.9,0.9,0.005,0,20.0,100.0,0.0001,0.0,1.0,,
0,16x16,,956,,10,4,0.9,0.9,0.005,0,20.0,100.0,0.0001,0.0,1.0,,
0,16x16,,957,,10,4,0.9,0.9,0.005,0,20.0,100.0,0.0001,0.0,1.0,,
0,16x16,,958,,10,4,0.9,0.9,0.005,0,20.0,100.0,9e-05,0.0,1.0,,
0,16x16,,959,,10,4,0.9,0.9,0.005,0,20.0,100.0,0.00011,0.0,1.0,,
0,16x16,,960,,10,4,0.9,0.9,0.005,0,20.0,100.0,0.0001,0.0,1.0,,
0,16x16,,961,,10,4,0.9,0.9,0.005,0,20.0,100.0,0.0001,0.0,1.0,,
0,16x16,,962,,10,4,0.9,0.9,0.005,0,20.0,100.0,9e-05,0.0,1.0,,
0,16x16,,963,,10,4,0.9,0.9,0.005,0,20.0,100.0,0.00012,0.0,1.0,,
0,16x16,,964,,10,4,0.9,0.9,0.005,0,20.0,100.0,9e-05,0.0,1.0,,
0,16x16,,965,,10,4,0.9,0.9,0.005,0,20.0,100.0,9e-05,0.0,1.0,,
0,16x16,,966,,10,4,0.9,0.9,0.005,0,20.0,100.0,0.00014,0.0,1.0,,
0,16x16,,967,,10,4,0.9,0.9,0.005,0,20.0,100.0,0.0001,0.0,1.0,,
0,16x16,,968,,10,4,0.9,0.9,0.005,0,20.0,100.0,0.0001,0.0,1.0,,
0,16x16,,969,,10,4,0.9,0.9,0.005,0,20.0,100.0,0.0001,0.0,1.0,,
0,16x16,,970,,10,4,0.9,0.9,0.005,0,20.0,100.0,0.0001,0.0,1.0,,
0,16x16,,971,,10,4,0.9,0.9,0.005,0,20.0,100.0,0.0001,0.0,1.0,,
0,16x16,,972,,10,4,0.9,0.9,0.005,0,20.0,100.0,0.00011,0.0,1.0,,
0,16x16,,973,,10,4,0.9,0.9,0.005,0,20.0,100.0,0.00011,0.0,1.0,,
0,16x16,,974,,10,4,0.9,0.9,0.005,0,20.0,100.0,9e-05,0.0,1.0,,
0,16x16,,975,,10,4,0.9,0.9,0.005,0,20.0,100.0,9e-05,0.0,1.0,,
0,16x16,,976,,10,4,0.9,0.9,0.005,0,20.0,100.0,9e-05,0.0,1.0,,
0,16x16,,977,,10,4,0.9,0.9,0.005,0,20.0,100.0,0.0001,0.0,1.0,,
0,16x16,,978,,10,4,0.9,0.9,0.005,0,20.0,100.0,9e-05,0.0,1.0,,
0,16x16,,979,,10,4,0.9,0.9,0.005,0,20.0,100.0,9e-05,0.0,1.0,,
0,16x16,,980,,10,4,0.9,0.9,0.005,0,20.0,100.0,9e-05,0.0,1.0,,
0,16x16,,981,,10,4,0.9,0.9,0.005,0,20.0,100.0,9e-05,0.0,1.0,,
0,16x16,,982,,10,4,0.9,0.9,0.005,0,20.0,100.0,0.00011,0.0,1.0,,
0,16x16,,983,,10,4,0.9,0.9,0.005,0,20.0,100.0,9e-05,0.0,1.0,,
0,16x16,,984,,10,4,0.9,0.9,0.005,0,20.0,100.0,9e-05,0.0,1.0,,
0,16x16,,985,,10,4,0.9,0.9,0.005,0,20.0,100.0,0.0001,0.0,1.0,,
0,16x16,,986,,10,4,0.9,0.9,0.005,0,20.0,100.0,0.00012,0.0,1.0,,
0,16x16,,987,,10,4,0.9,0.9,0.005,0,20.0,100.0,9e-05,0.0,1.0,,
0,16x16,,988,,10,4,0.9,0.9,0.005,0,20.0,100.0,0.00011,0.0,1.0,,
0,16x16,,989,,10,4,0.9,0.9,0.005,0,20.0,100.0,9e-05,0.0,1.0,,
0,16x16,,990,,10,4,0.9,0.9,0.005,0,20.0,100.0,8e-05,0.0,1.0,,
0,16x16,,991,,10,4,0.9,0.9,0.005,0,20.0,100.0,8e-05,0.0,1.0,,
0,16x16,,992,,10,4,0.9,0.9,0.005,0,20.0,100.0,0.0001,0.0,1.0,,
0,16x16,,993,,10,4,0.9,0.9,0.005,0,20.0,100.0,8e-05,0.0,1.0,,
0,16x16,,994,,10,4,0.9,0.9,0.005,0,20.0,100.0,9e-05,0.0,1.0,,
0,16x16,,995,,10,4,0.9,0.9,0.005,0,20.0,100.0,8e-05,0.0,1.0,,
0,16x16,,996,,10,4,0.9,0.9,0.005,0,20.0,100.0,9e-05,0.0,1.0,,
0,16x16,,997,,10,4,0.9,0.9,0.005,0,20.0,100.0,9e-05,0.0,1.0,,
0,16x16,,998,,10,4,0.9,0.9,0.005,0,20.0,100.0,8e-05,0.0,1.0,,
0,16x16,,999,,10,4,0.9,0.9,0.005,0,20.0,100.0,9e-05,0.0,1.0,,
0,16x16,,1000,,10,4,0.9,0.9,0.005,0,20.0,100.0,0.00011,0.0,1.0,,
0,16x16,,1001,,10,4,0.9,0.9,0.005,0,20.0,100.0,0.00011,0.0,1.0,,
0,16x16,,1002,,10,4,0.9,0.9,0.005,0,20.0,100.0,0.0001,0.0,1.0,,
0,16x16,,1003,,10,4,0.9,0.9,0.005,0,20.0,100.0,9e-05,0.0,1.0,,
0,16x16,,1004,,10,4,0.9,0.9,0.005,0,20.0,100.0,9e-05,0.0,1.0,,
0,16x16,,1005,,10,4,0.9,0.9,0.005,0,20.0,100.0,0.00011,0.0,1.0,,
0,16x16,,1006,,10,4,0.9,0.9,0.005,0,20.0,100.0,0.0001,0.0,1.0,,
0,16x16,,1007,,10,4,0.9,0.9,0.005,0,20.0,100.0,9e-05,0.0,1.0,,
0,16x16,,1008,,10,4,0.9,0.9,0.005,0,20.0,100.0,0.00316,0.0,2.0,,
0,16x16,,1009,,10,4,0.9,0.9,0.005,0,20.0,100.0,0.00141,0.0,1.0,,
0,16x16,,1010,,10,4,0.9,0.9,0.005,0,20.0,100.0,9e-05,0.0,1.0,,
0,16x16,,1011,,10,4,0.9,0.9,0.005,0,20.0,100.0,0.0001,0.0,1.0,,
0,16x16,,1012,,10,4,0.9,0.9,0.005,0,20.0,100.0,0.00058,0.0,1.0,,
0,16x16,,1013,,10,4,0.9,0.9,0.005,0,20.0,100.0,0.0001,0.0,1.0,,
0,16x16,,1014,,10,4,0.9,0.9,0.005,0,20.0,100.0,0.00079,0.0,1.0,,
0,16x16,,1015,,10,4,0.9,0.9,0.005,0,20.0,100.0,0.00252,0.0,2.0,,
0,16x16,,1016,,10,4,0.9,0.9,0.005,0,20.0,100.0,0.0001,0.0,1.0,,
0,16x16,,1017,,10,4,0.9,0.9,0.005,0,20.0,100.0,0.00078,0.0,1.0,,
0,16x16,,1018,,10,4,0.9,0.9,0.005,0,20.0,100.0,0.00013,0.0,1.0,,
0,16x16,,1019,,10,4,0.9,0.9,0.005,0,20.0,100.0,0.00268,0.0,2.0,,
0,16x16,,1020,,10,4,0.9,0.9,0.005,0,20.0,100.0,8e-05,0.0,1.0,,
0,16x16,,1021,,10,4,0.9,0.9,0.005,0,20.0,100.0,8e-05,0.0,1.0,,
0,16x16,,1022,,10,4,0.9,0.9,0.005,0,20.0,100.0,0.00169,0.0,1.0,,
0,16x16,,1023,,10,4,0.9,0.9,0.005,0,20.0,100.0,0.0001,0.0,1.0,,
0,16x16,,1024,,10,4,0.9,0.9,0.005,0,20.0,100.0,0.00121,0.0,1.0,,
0,16x16,,1025,,10,4,0.9,0.9,0.005,0,20.0,100.0,0.0006,0.0,1.0,,
0,16x16,,1026,,10,4,0.9,0.9,0.005,0,20.0,100.0,0.0001,0.0,1.0,,
0,16x16,,1027,,10,4,0.9,0.9,0.005,0,20.0,100.0,0.00212,0.0,1.0,,
0,16x16,,1028,,10,4,0.9,0.9,0.005,0,20.0,100.0,0.00175,0.0,1.0,,
0,16x16,,1029,,10,4,0.9,0.9,0.005,0,20.0,100.0,0.0001,0.0,1.0,,
0,16x16,,1030,,10,4,0.9,0.9,0.005,0,20.0,100.0,0.0001,0.0,1.0,,
0,16x16,,1031,,10,4,0.9,0.9,0.005,0,20.0,100.0,0.0067,0.0,2.0,,
0,16x16,,1032,,10,4,0.9,0.9,0.005,0,20.0,100.0,0.00255,0.0,1.0,,
0,16x16,,1033,,10,4,0.9,0.9,0.005,0,20.0,100.0,0.00253,0.0,1.0,,
0,16x16,,1034,,10,4,0.9,0.9,0.005,0,20.0,100.0,0.0035,0.0,2.0,,
0,16x16,,1035,,10,4,0.9,0.9,0.005,0,20.0,100.0,0.00396,0.0,2.0,,
0,16x16,,1036,,10,4,0.9,0.9,0.005,0,20.0,100.0,0.00011,0.0,1.0,,
0,16x16,,1037,,10,4,0.9,0.9,0.005,0,20.0,100.0,0.0017,0.0,1.0,,
0,16x16,,1038,,10,4,0.9,0.9,0.005,0,20.0,100.0,0.00474,0.0,2.0,,
0,16x16,,1039,,10,4,0.9,0.9,0.005,0,20.0,100.0,0.00306,0.0,2.0,,
0,16x16,,1040,,10,4,0.9,0.9,0.005,0,20.0,100.0,0.00119,0.0,1.0,,
0,16x16,,1041,,10,4,0.9,0.9,0.005,0,20.0,100.0,8e-05,0.0,1.0,,
0,16x16,,1042,,10,4,0.9,0.9,0.005,0,20.0,100.0,9e-05,0.0,1.0,,
0,16x16,,1043,,10,4,0.9,0.9,0.005,0,20.0,100.0,8e-05,0.0,1.0,,
0,16x16,,1044,,10,4,0.9,0.9,0.005,0,20.0,100.0,9e-05,0.0,1.0,,
0,16x16,,1045,,10,4,0.9,0.9,0.005,0,20.0,100.0,0.00012,0.0,1.0,,
0,16x16,,1046,,10,4,0.9,0.9,0.005,0,20.0,100.0,0.00423,0.0,2.0,,
0,16x16,,1047,,10,4,0.9,0.9,0.005,0,20.0,100.0,0.0039,0.0,2.0,,
0,16x16,,1048,,10,4,0.9,0.9,0.005,0,20.0,100.0,0.00149,0.0,1.0,,
0,16x16,,1049,,10,4,0.9,0.9,0.005,0,20.0,100.0,0.00364,0.0,2.0,,
0,16x16,,1050,,10,4,0.9,0.9,0.005,0,20.0,100.0,0.00537,0.0,2.0,,
0,16x16,,1051,,10,4,0.9,0.9,0.005,0,20.0,100.0,0.00358,0.0,2.0,,
0,16x16,,1052,,10,4,0.9,0.9,0.005,0,20.0,100.0,0.00017,0.0,1.0,,
0,16x16,,1053,,10,4,0.9,0.9,0.005,0,20.0,100.0,9e-05,0.0,1.0,,
0,16x16,,1054,,10,4,0.9,0.9,0.005,0,20.0,100.0,0.00197,0.0,1.0,,
0,16x16,,1055,,10,4,0.9,0.9,0.005,0,20.0,100.0,8e-05,0.0,1.0,,
0,16x16,,1056,,10,4,0.9,0.9,0.005,0,20.0,100.0,9e-05,0.0,1.0,,
0,16x16,,1057,,10,4,0.9,0.9,0.005,0,20.0,100.0,0.00087,0.0,1.0,,
0,16x16,,1058,,10,4,0.9,0.9,0.005,0,20.0,100.0,0.00197,0.0,1.0,,
0,16x16,,1059,,10,4,0.9,0.9,0.005,0,20.0,100.0,0.00396,0.0,2.0,,
0,16x16,,1060,,10,4,0.9,0.9,0.005,0,20.0,100.0,0.00049,0.0,1.0,,
0,16x16,,1061,,10,4,0.9,0.9,0.005,0,20.0,100.0,0.00012,0.0,1.0,,
0,16x16,,1062,,10,4,0.9,0.9,0.005,0,20.0,100.0,0.00479,0.0,2.0,,
0,16x16,,1063,,10,4,0.9,0.9,0.005,0,20.0,100.0,0.00398,0.0,2.0,,
0,16x16,,1064,,10,4,0.9,0.9,0.005,0,20.0,100.0,0.00165,0.0,1.0,,
0,16x16,,1065,,10,4,0.9,0.9,0.005,0,20.0,100.0,0.00124,0.0,1.0,,
0,16x16,,1066,,10,4,0.9,0.9,0.005,0,20.0,100.0,0.01395,0.0,5.0,,
0,16x16,,1067,,10,4,0.9,0.9,0.005,0,20.0,100.0,0.00411,0.0,2.0,,
0,16x16,,1068,,10,4,0.9,0.9,0.005,0,20.0,100.0,0.00394,0.0,2.0,,
0,16x16,,1069,,10,4,0.9,0.9,0.005,0,20.0,100.0,8e-05,0.0,1.0,,
0,16x16,,1070,,10,4,0.9,0.9,0.005,0,20.0,100.0,0.0019,0.0,1.0,,
0,16x16,,1071,,10,4,0.9,0.9,0.005,0,20.0,100.0,0.0015,0.0,1.0,,
0,16x16,,1072,,10,4,0.9,0.9,0.005,0,20.0,100.0,0.00223,0.0,1.0,,
0,16x16,,1073,,10,4,0.9,0.9,0.005,0,20.0,100.0,0.00305,0.0,2.0,,
0,16x16,,1074,,10,4,0.9,0.9,0.005,0,20.0,100.0,0.00111,0.0,1.0,,
0,16x16,,1075,,10,4,0.9,0.9,0.005,0,20.0,100.0,0.0001,0.0,1.0,,
0,16x16,,1076,,10,4,0.9,0.9,0.005,0,20.0,100.0,0.0001,0.0,1.0,,
0,16x16,,1077,,10,4,0.9,0.9,0.005,0,20.0,100.0,0.00183,0.0,1.0,,
0,16x16,,1078,,10,4,0.9,0.9,0.005,0,20.0,100.0,0.00152,0.0,1.0,,
0,16x16,,1079,,10,4,0.9,0.9,0.005,0,20.0,100.0,0.0022,0.0,1.0,,
0,16x16,,1080,,10,4,0.9,0.9,0.005,0,20.0,100.0,0.00365,0.0,2.0,,
0,16x16,,1081,,10,4,0.9,0.9,0.005,0,20.0,100.0,0.00171,0.0,1.0,,
0,16x16,,1082,,10,4,0.9,0.9,0.005,0,20.0,100.0,0.00964,0.0,4.0,,
0,16x16,,1083,,10,4,0.9,0.9,0.005,0,20.0,100.0,0.00216,0.0,1.0,,
0,16x16,,1084,,10,4,0.9,0.9,0.005,0,20.0,100.0,0.00156,0.0,1.0,,
0,16x16,,1085,,10,4,0.9,0.9,0.005,0,20.0,100.0,0.00247,0.0,1.0,,
0,16x16,,1086,,10,4,0.9,0.9,0.005,0,20.0,100.0,0.00375,0.0,2.0,,
0,16x16,,1087,,10,4,0.9,0.9,0.005,0,20.0,100.0,8e-05,0.0,1.0,,
0,16x16,,1088,,10,4,0.9,0.9,0.005,0,20.0,100.0,0.00184,0.0,1.0,,
0,16x16,,1089,,10,4,0.9,0.9,0.005,0,20.0,100.0,0.00185,0.0,1.0,,
0,16x16,,1090,,10,4,0.9,0.9,0.005,0,20.0,100.0,0.00608,0.0,3.0,,
0,16x16,,1091,,10,4,0.9,0.9,0.005,0,20.0,100.0,0.00403,0.0,2.0,,
0,16x16,,1092,,10,4,0.9,0.9,0.005,0,20.0,100.0,0.00504,0.0,2.0,,
0,16x16,,1093,,10,4,0.9,0.9,0.005,0,20.0,100.0,0.00583,0.0,3.0,,
0,16x16,,1094,,10,4,0.9,0.9,0.005,0,20.0,100.0,0.06312,0.0,22.0,,
0,16x16,,1095,,10,4,0.9,0.9,0.005,0,20.0,100.0,0.001,0.0,1.0,,
0,16x16,,1096,,10,4,0.9,0.9,0.005,0,20.0,100.0,0.00477,0.0,2.0,,
0,16x16,,1097,,10,4,0.9,0.9,0.005,0,20.0,100.0,0.00153,0.0,1.0,,
0,16x16,,1098,,10,4,0.9,0.9,0.005,0,20.0,100.0,8e-05,0.0,1.0,,
0,16x16,,1099,,10,4,0.9,0.9,0.005,0,20.0,100.0,0.00518,0.0,2.0,,
0,16x16,,1100,,10,4,0.9,0.9,0.005,0,20.0,100.0,0.00017,0.0,1.0,,
0,16x16,,1101,,10,4,0.9,0.9,0.005,0,20.0,100.0,0.00146,0.0,1.0,,
0,16x16,,1102,,10,4,0.9,0.9,0.005,0,20.0,100.0,0.00322,0.0,2.0,,
0,16x16,,1103,,10,4,0.9,0.9,0.005,0,20.0,100.0,0.00397,0.0,2.0,,
0,16x16,,1104,,10,4,0.9,0.9,0.005,0,20.0,100.0,8e-05,0.0,1.0,,
0,16x16,,1105,,10,4,0.9,0.9,0.005,0,20.0,100.0,0.00135,0.0,1.0,,
0,16x16,,1106,,10,4,0.9,0.9,0.005,0,20.0,100.0,0.00127,0.0,1.0,,
0,16x16,,1107,,10,4,0.9,0.9,0.005,0,20.0,100.0,0.00314,0.0,1.0,,
0,16x16,,1108,,10,4,0.9,0.9,0.005,0,20.0,100.0,0.0017,0.0,1.0,,
0,16x16,,1109,,10,4,0.9,0.9,0.005,0,20.0,100.0,0.00085,0.0,1.0,,
0,16x16,,1110,,10,4,0.9,0.9,0.005,0,20.0,100.0,0.00173,0.0,1.0,,
0,16x16,,1111,,10,4,0.9,0.9,0.005,0,20.0,100.0,0.00754,0.0,4.0,,
0,16x16,,1112,,10,4,0.9,0.9,0.005,0,20.0,100.0,0.00166,0.0,1.0,,
0,16x16,,1113,,10,4,0.9,0.9,0.005,0,20.0,100.0,0.0036,0.0,2.0,,
0,16x16,,1114,,10,4,0.9,0.9,0.005,0,20.0,100.0,0.0001,0.0,1.0,,
0,16x16,,1115,,10,4,0.9,0.9,0.005,0,20.0,100.0,0.00279,0.0,1.0,,
0,16x16,,1116,,10,4,0.9,0.9,0.005,0,20.0,100.0,0.00598,0.0,2.0,,
0,16x16,,1117,,10,4,0.9,0.9,0.005,0,20.0,100.0,9e-05,0.0,1.0,,
0,16x16,,1118,,10,4,0.9,0.9,0.005,0,20.0,100.0,8e-05,0.0,1.0,,
0,16x16,,1119,,10,4,0.9,0.9,0.005,0,20.0,100.0,0.00082,0.0,1.0,,
0,16x16,,1120,,10,4,0.9,0.9,0.005,0,20.0,100.0,0.00235,0.0,1.0,,
0,16x16,,1121,,10,4,0.9,0.9,0.005,0,20.0,100.0,0.00574,0.0,2.0,,
0,16x16,,1122,,10,4,0.9,0.9,0.005,0,20.0,100.0,0.0022,0.0,1.0,,
0,16x16,,1123,,10,4,0.9,0.9,0.005,0,20.0,100.0,0.00204,0.0,1.0,,
0,16x16,,1124,,10,4,0.9,0.9,0.005,0,20.0,100.0,0.00217,0.0,1.0,,
0,16x16,,1125,,10,4,0.9,0.9,0.005,0,20.0,100.0,0.00609,0.0,2.0,,
0,16x16,,1126,,10,4,0.9,0.9,0.005,0,20.0,100.0,9e-05,0.0,1.0,,
0,16x16,,1127,,10,4,0.9,0.9,0.005,0,20.0,100.0,0.00256,0.0,1.0,,
0,16x16,,1128,,10,4,0.9,0.9,0.005,0,20.0,100.0,0.00725,0.0,3.0,,
0,16x16,,1129,,10,4,0.9,0.9,0.005,0,20.0,100.0,0.00081,0.0,1.0,,
0,16x16,,1130,,10,4,0.9,0.9,0.005,0,20.0,100.0,0.00173,0.0,1.0,,
0,16x16,,1131,,10,4,0.9,0.9,0.005,0,20.0,100.0,0.00343,0.0,2.0,,
0,16x16,,1132,,10,4,0.9,0.9,0.005,0,20.0,100.0,0.00011,0.0,1.0,,
0,16x16,,1133,,10,4,0.9,0.9,0.005,0,20.0,100.0,0.0028,0.0,1.0,,
0,16x16,,1134,,10,4,0.9,0.9,0.005,0,20.0,100.0,0.00187,0.0,1.0,,
0,16x16,,1135,,10,4,0.9,0.9,0.005,0,20.0,100.0,0.00115,0.0,1.0,,
0,16x16,,1136,,10,4,0.9,0.9,0.005,0,20.0,100.0,0.00199,0.0,2.0,,
0,16x16,,1137,,10,4,0.9,0.9,0.005,0,20.0,100.0,0.00444,0.0,2.0,,
0,16x16,,1138,,10,4,0.9,0.9,0.005,0,20.0,100.0,0.00803,0.0,2.0,,
0,16x16,,1139,,10,4,0.9,0.9,0.005,0,20.0,100.0,9e-05,0.0,1.0,,
0,16x16,,1140,,10,4,0.9,0.9,0.005,0,20.0,100.0,0.00842,0.0,3.0,,
0,16x16,,1141,,10,4,0.9,0.9,0.005,0,20.0,100.0,0.00216,0.0,1.0,,
0,16x16,,1142,,10,4,0.9,0.9,0.005,0,20.0,100.0,0.00456,0.0,2.0,,
0,16x16,,1143,,10,4,0.9,0.9,0.005,0,20.0,100.0,0.00467,0.0,2.0,,
0,16x16,,1144,,10,4,0.9,0.9,0.005,0,20.0,100.0,9e-05,0.0,1.0,,
0,16x16,,1145,,10,4,0.9,0.9,0.005,0,20.0,100.0,9e-05,0.0,1.0,,
0,16x16,,1146,,10,4,0.9,0.9,0.005,0,20.0,100.0,0.01263,0.0,5.0,,
0,16x16,,1147,,10,4,0.9,0.9,0.005,0,20.0,100.0,0.35379,0.0,139.0,,
0,16x16,,1148,,10,4,0.9,0.9,0.005,0,20.0,100.0,0.00331,0.0,2.0,,
0,16x16,,1149,,10,4,0.9,0.9,0.005,0,20.0,100.0,0.00144,0.0,1.0,,
0,16x16,,1150,,10,4,0.9,0.9,0.005,0,20.0,100.0,0.00195,0.0,1.0,,
0,16x16,,1151,,10,4,0.9,0.9,0.005,0,20.0,100.0,0.00241,0.0,1.0,,
0,16x16,,1152,,10,4,0.9,0.9,0.005,0,20.0,100.0,0.00381,0.0,2.0,,
0,16x16,,1153,,10,4,0.9,0.9,0.005,0,20.0,100.0,0.00162,0.0,1.0,,
0,16x16,,1154,,10,4,0.9,0.9,0.005,0,20.0,100.0,0.00157,0.0,1.0,,
0,16x16,,1155,,10,4,0.9,0.9,0.005,0,20.0,100.0,0.00545,0.0,2.0,,
0,16x16,,1156,,10,4,0.9,0.9,0.005,0,20.0,100.0,0.00156,0.0,1.0,,
0,16x16,,1157,,10,4,0.9,0.9,0.005,0,20.0,100.0,0.00495,0.0,2.0,,
0,16x16,,1158,,10,4,0.9,0.9,0.005,0,20.0,100.0,0.00412,0.0,2.0,,
0,16x16,,1159,,10,4,0.9,0.9,0.005,0,20.0,100.0,0.0061,0.0,3.0,,
0,16x16,,1160,,10,4,0.9,0.9,0.005,0,20.0,100.0,0.00422,0.0,2.0,,
0,16x16,,1161,,10,4,0.9,0.9,0.005,0,20.0,100.0,0.00418,0.0,2.0,,
0,16x16,,1162,,10,4,0.9,0.9,0.005,0,20.0,100.0,0.00184,0.0,1.0,,
0,16x16,,1163,,10,4,0.9,0.9,0.005,0,20.0,100.0,0.00622,0.0,2.0,,
0,16x16,,1164,,10,4,0.9,0.9,0.005,0,20.0,100.0,0.0001,0.0,1.0,,
0,16x16,,1165,,10,4,0.9,0.9,0.005,0,20.0,100.0,0.01714,0.0,5.0,,
0,16x16,,1166,,10,4,0.9,0.9,0.005,0,20.0,100.0,0.00456,0.0,2.0,,
0,16x16,,1167,,10,4,0.9,0.9,0.005,0,20.0,100.0,0.0015,0.0,1.0,,
0,16x16,,1168,,10,4,0.9,0.9,0.005,0,20.0,100.0,0.00731,0.0,3.0,,
0,16x16,,1169,,10,4,0.9,0.9,0.005,0,20.0,100.0,0.00979,0.0,5.0,,
0,16x16,,1170,,10,4,0.9,0.9,0.005,0,20.0,100.0,0.00198,0.0,1.0,,
0,16x16,,1171,,10,4,0.9,0.9,0.005,0,20.0,100.0,0.00861,0.0,3.0,,
0,16x16,,1172,,10,4,0.9,0.9,0.005,0,20.0,100.0,0.00372,0.0,2.0,,
0,16x16,,1173,,10,4,0.9,0.9,0.005,0,20.0,100.0,8e-05,0.0,1.0,,
0,16x16,,1174,,10,4,0.9,0.9,0.005,0,20.0,100.0,0.00257,0.0,1.0,,
0,16x16,,1175,,10,4,0.9,0.9,0.005,0,20.0,100.0,0.01889,0.0,6.0,,
0,16x16,,1176,,10,4,0.9,0.9,0.005,0,20.0,100.0,0.00764,0.0,3.0,,
0,16x16,,1177,,10,4,0.9,0.9,0.005,0,20.0,100.0,0.00164,0.0,1.0,,
0,16x16,,1178,,10,4,0.9,0.9,0.005,0,20.0,100.0,0.00155,0.0,1.0,,
0,16x16,,1179,,10,4,0.9,0.9,0.005,0,20.0,100.0,0.00389,0.0,2.0,,
0,16x16,,1180,,10,4,0.9,0.9,0.005,0,20.0,100.0,0.00521,0.0,2.0,,
0,16x16,,1181,,10,4,0.9,0.9,0.005,0,20.0,100.0,0.00111,0.0,1.0,,
0,16x16,,1182,,10,4,0.9,0.9,0.005,0,20.0,100.0,8e-05,0.0,1.0,,
0,16x16,,1183,,10,4,0.9,0.9,0.005,0,20.0,100.0,8e-05,0.0,1.0,,
0,16x16,,1184,,10,4,0.9,0.9,0.005,0,20.0,100.0,0.00176,0.0,1.0,,
0,16x16,,1185,,10,4,0.9,0.9,0.005,0,20.0,100.0,0.00567,0.0,2.0,,
0,16x16,,1186,,10,4,0.9,0.9,0.005,0,20.0,100.0,0.00472,0.0,2.0,,
0,16x16,,1187,,10,4,0.9,0.9,0.005,0,20.0,100.0,0.00171,0.0,1.0,,
0,16x16,,1188,,10,4,0.9,0.9,0.005,0,20.0,100.0,0.00414,0.0,2.0,,
0,16x16,,1189,,10,4,0.9,0.9,0.005,0,20.0,100.0,0.00012,0.0,1.0,,
0,16x16,,1190,,10,4,0.9,0.9,0.005,0,20.0,100.0,0.07883,0.0,31.0,,
0,16x16,,1191,,10,4,0.9,0.9,0.005,0,20.0,100.0,0.00483,0.0,2.0,,
0,16x16,,1192,,10,4,0.9,0.9,0.005,0,20.0,100.0,0.00453,0.0,2.0,,
0,16x16,,1193,,10,4,0.9,0.9,0.005,0,20.0,100.0,0.00567,0.0,2.0,,
0,16x16,,1194,,10,4,0.9,0.9,0.005,0,20.0,100.0,0.00546,0.0,2.0,,
0,16x16,,1195,,10,4,0.9,0.9,0.005,0,20.0,100.0,0.03399,0.0,12.0,,
0,16x16,,1196,,10,4,0.9,0.9,0.005,0,20.0,100.0,0.00151,0.0,1.0,,
0,16x16,,1197,,10,4,0.9,0.9,0.005,0,20.0,100.0,0.00172,0.0,1.0,,
0,16x16,,1198,,10,4,0.9,0.9,0.005,0,20.0,100.0,0.00661,0.0,3.0,,
0,16x16,,1199,,10,4,0.9,0.9,0.005,0,20.0,100.0,0.00289,0.0,2.0,,
0,16x16,,1200,,10,4,0.9,0.9,0.005,0,20.0,100.0,0.01931,0.0,9.0,,
0,16x16,,1201,,10,4,0.9,0.9,0.005,0,20.0,100.0,0.00399,0.0,2.0,,
0,16x16,,1202,,10,4,0.9,0.9,0.005,0,20.0,100.0,0.00649,0.0,2.0,,
0,16x16,,1203,,10,4,0.9,0.9,0.005,0,20.0,100.0,0.00193,0.0,1.0,,
0,16x16,,1204,,10,4,0.9,0.9,0.005,0,20.0,100.0,0.00568,0.0,2.0,,
0,16x16,,1205,,10,4,0.9,0.9,0.005,0,20.0,100.0,0.00176,0.0,1.0,,
0,16x16,,1206,,10,4,0.9,0.9,0.005,0,20.0,100.0,8e-05,0.0,1.0,,
0,16x16,,1207,,10,4,0.9,0.9,0.005,0,20.0,100.0,0.00278,0.0,1.0,,
0,16x16,,1208,,10,4,0.9,0.9,0.005,0,20.0,100.0,8e-05,0.0,1.0,,
0,16x16,,1209,,10,4,0.9,0.9,0.005,0,20.0,100.0,8e-05,0.0,1.0,,
0,16x16,,1210,,10,4,0.9,0.9,0.005,0,20.0,100.0,0.00205,0.0,1.0,,
0,16x16,,1211,,10,4,0.9,0.9,0.005,0,20.0,100.0,0.00432,0.0,2.0,,
0,16x16,,1212,,10,4,0.9,0.9,0.005,0,20.0,100.0,0.00387,0.0,2.0,,
0,16x16,,1213,,10,4,0.9,0.9,0.005,0,20.0,100.0,0.00511,0.0,2.0,,
0,16x16,,1214,,10,4,0.9,0.9,0.005,0,20.0,100.0,0.00614,0.0,2.0,,
0,16x16,,1215,,10,4,0.9,0.9,0.005,0,20.0,100.0,0.0017,0.0,1.0,,
0,16x16,,1216,,10,4,0.9,0.9,0.005,0,20.0,100.0,0.00347,0.0,1.0,,
0,16x16,,1217,,10,4,0.9,0.9,0.005,0,20.0,100.0,0.00707,0.0,3.0,,
0,16x16,,1218,,10,4,0.9,0.9,0.005,0,20.0,100.0,0.00724,0.0,2.0,,
0,16x16,,1219,,10,4,0.9,0.9,0.005,0,20.0,100.0,0.00311,0.0,1.0,,
0,16x16,,1220,,10,4,0.9,0.9,0.005,0,20.0,100.0,0.00587,0.0,2.0,,
0,16x16,,1221,,10,4,0.9,0.9,0.005,0,20.0,100.0,0.01722,0.0,7.0,,
0,16x16,,1222,,10,4,0.9,0.9,0.005,0,20.0,100.0,0.00261,0.0,1.0,,
0,16x16,,1223,,10,4,0.9,0.9,0.005,0,20.0,100.0,0.00012,0.0,1.0,,
0,16x16,,1224,,10,4,0.9,0.9,0.005,0,20.0,100.0,0.00011,0.0,1.0,,
0,16x16,,1225,,10,4,0.9,0.9,0.005,0,20.0,100.0,0.00357,0.0,2.0,,
0,16x16,,1226,,10,4,0.9,0.9,0.005,0,20.0,100.0,0.00605,0.0,2.0,,
0,16x16,,1227,,10,4,0.9,0.9,0.005,0,20.0,100.0,0.00118,0.0,1.0,,
0,16x16,,1228,,10,4,0.9,0.9,0.005,0,20.0,100.0,0.00113,0.0,1.0,,
0,16x16,,1229,,10,4,0.9,0.9,0.005,0,20.0,100.0,0.00198,0.0,1.0,,
0,16x16,,1230,,10,4,0.9,0.9,0.005,0,20.0,100.0,0.0017,0.0,2.0,,
0,16x16,,1231,,10,4,0.9,0.9,0.005,0,20.0,100.0,0.0001,0.0,1.0,,
0,16x16,,1232,,10,4,0.9,0.9,0.005,0,20.0,100.0,0.00139,0.0,2.0,,
0,16x16,,1233,,10,4,0.9,0.9,0.005,0,20.0,100.0,0.00284,0.0,1.0,,
0,16x16,,1234,,10,4,0.9,0.9,0.005,0,20.0,100.0,0.00737,0.0,2.0,,
0,16x16,,1235,,10,4,0.9,0.9,0.005,0,20.0,100.0,0.00211,0.0,1.0,,
0,16x16,,1236,,10,4,0.9,0.9,0.005,0,20.0,100.0,0.02713,0.0,9.0,,
0,16x16,,1237,,10,4,0.9,0.9,0.005,0,20.0,100.0,0.0023,0.0,1.0,,
0,16x16,,1238,,10,4,0.9,0.9,0.005,0,20.0,100.0,0.0015,0.0,1.0,,
0,16x16,,1239,,10,4,0.9,0.9,0.005,0,20.0,100.0,8e-05,0.0,1.0,,
0,16x16,,1240,,10,4,0.9,0.9,0.005,0,20.0,100.0,0.01097,0.0,3.0,,
0,16x16,,1241,,10,4,0.9,0.9,0.005,0,20.0,100.0,0.00214,0.0,1.0,,
0,16x16,,1242,,10,4,0.9,0.9,0.005,0,20.0,100.0,0.00236,0.0,1.0,,
0,16x16,,1243,,10,4,0.9,0.9,0.005,0,20.0,100.0,0.00745,0.0,2.0,,
0,16x16,,1244,,10,4,0.9,0.9,0.005,0,20.0,100.0,0.00196,0.0,1.0,,
0,16x16,,1245,,10,4,0.9,0.9,0.005,0,20.0,100.0,0.00242,0.0,1.0,,
0,16x16,,1246,,10,4,0.9,0.9,0.005,0,20.0,100.0,0.00327,0.0,1.0,,
0,16x16,,1247,,10,4,0.9,0.9,0.005,0,20.0,100.0,0.00767,0.0,2.0,,
0,16x16,,1248,,10,4,0.9,0.9,0.005,0,20.0,100.0,0.002,0.0,1.0,,
0,16x16,,1249,,10,4,0.9,0.9,0.005,0,20.0,100.0,0.00591,0.0,2.0,,
0,16x16,,1250,,10,4,0.9,0.9,0.005,0,20.0,100.0,0.0132,0.0,6.0,,
0,16x16,,1251,,10,4,0.9,0.9,0.005,0,20.0,100.0,0.00335,0.0,2.0,,
0,16x16,,1252,,10,4,0.9,0.9,0.005,0,20.0,100.0,0.00252,0.0,1.0,,
0,16x16,,1253,,10,4,0.9,0.9,0.005,0,20.0,100.0,0.00143,0.0,1.0,,
0,16x16,,1254,,10,4,0.9,0.9,0.005,0,20.0,100.0,0.0016,0.0,1.0,,
0,16x16,,1255,,10,4,0.9,0.9,0.005,0,20.0,100.0,0.00261,0.0,1.0,,
0,16x16,,1256,,10,4,0.9,0.9,0.005,0,20.0,100.0,0.00323,0.0,1.0,,
0,16x16,,1257,,10,4,0.9,0.9,0.005,0,20.0,100.0,0.00119,0.0,1.0,,
0,16x16,,1258,,10,4,0.9,0.9,0.005,0,20.0,100.0,9e-05,0.0,1.0,,
0,16x16,,1259,,10,4,0.9,0.9,0.005,0,20.0,100.0,0.00613,0.0,2.0,,
0,16x16,,1260,,10,4,0.9,0.9,0.005,0,20.0,100.0,0.00135,0.0,1.0,,
0,16x16,,1261,,10,4,0.9,0.9,0.005,0,20.0,100.0,8e-05,0.0,1.0,,
0,16x16,,1262,,10,4,0.9,0.9,0.005,0,20.0,100.0,0.00127,0.0,1.0,,
0,16x16,,1263,,10,4,0.9,0.9,0.005,0,20.0,100.0,0.00242,0.0,1.0,,
0,16x16,,1264,,10,4,0.9,0.9,0.005,0,20.0,100.0,0.00444,0.0,2.0,,
0,16x16,,1265,,10,4,0.9,0.9,0.005,0,20.0,100.0,0.00422,0.0,2.0,,
0,16x16,,1266,,10,4,0.9,0.9,0.005,0,20.0,100.0,0.00716,0.0,2.0,,
0,16x16,,1267,,10,4,0.9,0.9,0.005,0,20.0,100.0,0.00816,0.0,4.0,,
0,16x16,,1268,,10,4,0.9,0.9,0.005,0,20.0,100.0,0.00144,0.0,1.0,,
0,16x16,,1269,,10,4,0.9,0.9,0.005,0,20.0,100.0,0.00167,0.0,1.0,,
0,16x16,,1270,,10,4,0.9,0.9,0.005,0,20.0,100.0,0.0001,0.0,1.0,,
0,16x16,,1271,,10,4,0.9,0.9,0.005,0,20.0,100.0,0.0001,0.0,1.0,,
0,16x16,,1272,,10,4,0.9,0.9,0.005,0,20.0,100.0,0.00195,0.0,1.0,,
0,16x16,,1273,,10,4,0.9,0.9,0.005,0,20.0,100.0,0.00619,0.0,3.0,,
0,16x16,,1274,,10,4,0.9,0.9,0.005,0,20.0,100.0,0.00922,0.0,3.0,,
0,16x16,,1275,,10,4,0.9,0.9,0.005,0,20.0,100.0,0.01464,0.0,5.0,,
0,16x16,,1276,,10,4,0.9,0.9,0.005,0,20.0,100.0,0.00407,0.0,2.0,,
0,16x16,,1277,,10,4,0.9,0.9,0.005,0,20.0,100.0,0.00194,0.0,1.0,,
0,16x16,,1278,,10,4,0.9,0.9,0.005,0,20.0,100.0,0.00363,0.0,2.0,,
0,16x16,,1279,,10,4,0.9,0.9,0.005,0,20.0,100.0,0.00452,0.0,2.0,,
0,16x16,,1280,,10,4,0.9,0.9,0.005,0,20.0,100.0,0.00328,0.0,1.0,,
0,16x16,,1281,,10,4,0.9,0.9,0.005,0,20.0,100.0,0.00157,0.0,1.0,,
0,16x16,,1282,,10,4,0.9,0.9,0.005,0,20.0,100.0,0.00932,0.0,4.0,,
0,16x16,,1283,,10,4,0.9,0.9,0.005,0,20.0,100.0,8e-05,0.0,1.0,,
0,16x16,,1284,,10,4,0.9,0.9,0.005,0,20.0,100.0,0.00593,0.0,2.0,,
0,16x16,,1285,,10,4,0.9,0.9,0.005,0,20.0,100.0,0.00213,0.0,1.0,,
0,16x16,,1286,,10,4,0.9,0.9,0.005,0,20.0,100.0,0.00511,0.0,2.0,,
0,16x16,,1287,,10,4,0.9,0.9,0.005,0,20.0,100.0,0.00651,0.0,2.0,,
0,16x16,,1288,,10,4,0.9,0.9,0.005,0,20.0,100.0,0.00431,0.0,2.0,,
0,16x16,,1289,,10,4,0.9,0.9,0.005,0,20.0,100.0,0.00216,0.0,1.0,,
0,16x16,,1290,,10,4,0.9,0.9,0.005,0,20.0,100.0,8e-05,0.0,1.0,,
0,16x16,,1291,,10,4,0.9,0.9,0.005,0,20.0,100.0,0.00512,0.0,2.0,,
0,16x16,,1292,,10,4,0.9,0.9,0.005,0,20.0,100.0,0.00385,0.0,2.0,,
0,16x16,,1293,,10,4,0.9,0.9,0.005,0,20.0,100.0,0.00177,0.0,1.0,,
0,16x16,,1294,,10,4,0.9,0.9,0.005,0,20.0,100.0,0.00749,0.0,3.0,,
0,16x16,,1295,,10,4,0.9,0.9,0.005,0,20.0,100.0,0.00414,0.0,2.0,,
0,16x16,,1296,,10,4,0.9,0.9,0.005,0,20.0,100.0,0.00438,0.0,2.0,,
0,16x16,,1297,,10,4,0.9,0.9,0.005,0,20.0,100.0,0.00178,0.0,1.0,,
0,16x16,,1298,,10,4,0.9,0.9,0.005,0,20.0,100.0,0.00414,0.0,2.0,,
0,16x16,,1299,,10,4,0.9,0.9,0.005,0,20.0,100.0,0.00166,0.0,1.0,,
0,16x16,,1300,,10,4,0.9,0.9,0.005,0,20.0,100.0,0.00632,0.0,3.0,,
0,16x16,,1301,,10,4,0.9,0.9,0.005,0,20.0,100.0,0.00448,0.0,2.0,,
0,16x16,,1302,,10,4,0.9,0.9,0.005,0,20.0,100.0,0.0034,0.0,3.0,,
0,16x16,,1303,,10,4,0.9,0.9,0.005,0,20.0,100.0,0.00328,0.0,1.0,,
0,16x16,,1304,,10,4,0.9,0.9,0.005,0,20.0,100.0,0.00516,0.0,2.0,,
0,16x16,,1305,,10,4,0.9,0.9,0.005,0,20.0,100.0,8e-05,0.0,1.0,,
0,16x16,,1306,,10,4,0.9,0.9,0.005,0,20.0,100.0,0.0021,0.0,1.0,,
0,16x16,,1307,,10,4,0.9,0.9,0.005,0,20.0,100.0,0.00348,0.0,2.0,,
0,16x16,,1308,,10,4,0.9,0.9,0.005,0,20.0,100.0,0.0087,0.0,3.0,,
0,16x16,,1309,,10,4,0.9,0.9,0.005,0,20.0,100.0,0.01964,0.0,6.0,,
0,16x16,,1310,,10,4,0.9,0.9,0.005,0,20.0,100.0,0.00542,0.0,2.0,,
0,16x16,,1311,,10,4,0.9,0.9,0.005,0,20.0,100.0,0.00668,0.0,3.0,,
0,16x16,,1312,,10,4,0.9,0.9,0.005,0,20.0,100.0,0.00498,0.0,2.0,,
0,16x16,,1313,,10,4,0.9,0.9,0.005,0,20.0,100.0,0.00437,0.0,2.0,,
0,16x16,,1314,,10,4,0.9,0.9,0.005,0,20.0,100.0,0.00138,0.0,1.0,,
0,16x16,,1315,,10,4,0.9,0.9,0.005,0,20.0,100.0,0.00384,0.0,2.0,,
0,16x16,,1316,,10,4,0.9,0.9,0.005,0,20.0,100.0,0.0019,0.0,1.0,,
0,16x16,,1317,,10,4,0.9,0.9,0.005,0,20.0,100.0,0.00186,0.0,1.0,,
0,16x16,,1318,,10,4,0.9,0.9,0.005,0,20.0,100.0,0.00556,0.0,2.0,,
0,16x16,,1319,,10,4,0.9,0.9,0.005,0,20.0,100.0,0.00219,0.0,1.0,,
0,16x16,,1320,,10,4,0.9,0.9,0.005,0,20.0,100.0,0.0031,0.0,2.0,,
0,16x16,,1321,,10,4,0.9,0.9,0.005,0,20.0,100.0,8e-05,0.0,1.0,,
0,16x16,,1322,,10,4,0.9,0.9,0.005,0,20.0,100.0,0.12996,0.0,64.0,,
0,16x16,,1323,,10,4,0.9,0.9,0.005,0,20.0,100.0,0.0022,0.0,1.0,,
0,16x16,,1324,,10,4,0.9,0.9,0.005,0,20.0,100.0,0.00871,0.0,4.0,,
0,16x16,,1325,,10,4,0.9,0.9,0.005,0,20.0,100.0,0.01069,0.0,6.0,,
0,16x16,,1326,,10,4,0.9,0.9,0.005,0,20.0,100.0,0.00223,0.0,2.0,,
0,16x16,,1327,,10,4,0.9,0.9,0.005,0,20.0,100.0,0.00294,0.0,1.0,,
0,16x16,,1328,,10,4,0.9,0.9,0.005,0,20.0,100.0,0.00578,0.0,3.0,,
0,16x16,,1329,,10,4,0.9,0.9,0.005,0,20.0,100.0,0.00216,0.0,1.0,,
0,16x16,,1330,,10,4,0.9,0.9,0.005,0,20.0,100.0,8e-05,0.0,1.0,,
0,16x16,,1331,,10,4,0.9,0.9,0.005,0,20.0,100.0,0.00194,0.0,1.0,,
0,16x16,,1332,,10,4,0.9,0.9,0.005,0,20.0,100.0,0.00327,0.0,1.0,,
0,16x16,,1333,,10,4,0.9,0.9,0.005,0,20.0,100.0,8e-05,0.0,1.0,,
0,16x16,,1334,,10,4,0.9,0.9,0.005,0,20.0,100.0,0.00765,0.0,3.0,,
0,16x16,,1335,,10,4,0.9,0.9,0.005,0,20.0,100.0,9e-05,0.0,1.0,,
0,16x16,,1336,,10,4,0.9,0.9,0.005,0,20.0,100.0,0.00256,0.0,1.0,,
0,16x16,,1337,,10,4,0.9,0.9,0.005,0,20.0,100.0,0.00272,0.0,1.0,,
0,16x16,,1338,,10,4,0.9,0.9,0.005,0,20.0,100.0,0.00051,0.0,1.0,,
0,16x16,,1339,,10,4,0.9,0.9,0.005,0,20.0,100.0,0.00186,0.0,1.0,,
0,16x16,,1340,,10,4,0.9,0.9,0.005,0,20.0,100.0,0.00475,0.0,2.0,,
0,16x16,,1341,,10,4,0.9,0.9,0.005,0,20.0,100.0,0.0038,0.0,2.0,,
0,16x16,,1342,,10,4,0.9,0.9,0.005,0,20.0,100.0,0.00194,0.0,1.0,,
0,16x16,,1343,,10,4,0.9,0.9,0.005,0,20.0,100.0,0.00191,0.0,1.0,,
0,16x16,,1344,,10,4,0.9,0.9,0.005,0,20.0,100.0,0.00319,0.0,1.0,,
0,16x16,,1345,,10,4,0.9,0.9,0.005,0,20.0,100.0,0.00151,0.0,1.0,,
0,16x16,,1346,,10,4,0.9,0.9,0.005,0,20.0,100.0,0.00356,0.0,2.0,,
0,16x16,,1347,,10,4,0.9,0.9,0.005,0,20.0,100.0,0.00262,0.0,1.0,,
0,16x16,,1348,,10,4,0.9,0.9,0.005,0,20.0,100.0,0.00235,0.0,1.0,,
0,16x16,,1349,,10,4,0.9,0.9,0.005,0,20.0,0.0,0.0,0.0,0.0,,
0,16x16,,1350,,10,4,0.9,0.9,0.005,0,20.0,100.0,0.00467,0.0,3.0,,
0,16x16,,1351,,10,4,0.9,0.9,0.005,0,20.0,100.0,0.00083,0.0,1.0,,
0,16x16,,1352,,10,4,0.9,0.9,0.005,0,20.0,100.0,0.00549,0.0,2.0,,
0,16x16,,1353,,10,4,0.9,0.9,0.005,0,20.0,100.0,0.00327,0.0,2.0,,
0,16x16,,1354,,10,4,0.9,0.9,0.005,0,20.0,100.0,0.00879,0.0,3.0,,
0,16x16,,1355,,10,4,0.9,0.9,0.005,0,20.0,100.0,0.00219,0.0,1.0,,
0,16x16,,1356,,10,4,0.9,0.9,0.005,0,20.0,100.0,0.00573,0.0,2.0,,
0,16x16,,1357,,10,4,0.9,0.9,0.005,0,20.0,100.0,0.01002,0.0,4.0,,
0,16x16,,1358,,10,4,0.9,0.9,0.005,0,20.0,100.0,9e-05,0.0,1.0,,
0,16x16,,1359,,10,4,0.9,0.9,0.005,0,20.0,100.0,0.00014,0.0,1.0,,
0,16x16,,1360,,10,4,0.9,0.9,0.005,0,20.0,100.0,9e-05,0.0,1.0,,
0,16x16,,1361,,10,4,0.9,0.9,0.005,0,20.0,100.0,0.00943,0.0,3.0,,
0,16x16,,1362,,10,4,0.9,0.9,0.005,0,20.0,100.0,0.00309,0.0,1.0,,
0,16x16,,1363,,10,4,0.9,0.9,0.005,0,20.0,100.0,0.00228,0.0,2.0,,
0,16x16,,1364,,10,4,0.9,0.9,0.005,0,20.0,100.0,0.00874,0.0,2.0,,
0,16x16,,1365,,10,4,0.9,0.9,0.005,0,20.0,100.0,0.00118,0.0,1.0,,
0,16x16,,1366,,10,4,0.9,0.9,0.005,0,20.0,100.0,0.01013,0.0,2.0,,
0,16x16,,1367,,10,4,0.9,0.9,0.005,0,20.0,100.0,0.00459,0.0,2.0,,
0,16x16,,1368,,10,4,0.9,0.9,0.005,0,20.0,100.0,0.01951,0.0,3.0,,
0,16x16,,1369,,10,4,0.9,0.9,0.005,0,20.0,100.0,0.01519,0.0,3.0,,
0,16x16,,1370,,10,4,0.9,0.9,0.005,0,20.0,100.0,0.00956,0.0,2.0,,
0,16x16,,1371,,10,4,0.9,0.9,0.005,0,20.0,100.0,0.01161,0.0,4.0,,
0,16x16,,1372,,10,4,0.9,0.9,0.005,0,20.0,100.0,0.00338,0.0,2.0,,
0,16x16,,1373,,10,4,0.9,0.9,0.005,0,20.0,100.0,9e-05,0.0,1.0,,
0,16x16,,1374,,10,4,0.9,0.9,0.005,0,20.0,100.0,0.001,0.0,1.0,,
0,16x16,,1375,,10,4,0.9,0.9,0.005,0,20.0,100.0,0.00308,0.0,1.0,,
0,16x16,,1376,,10,4,0.9,0.9,0.005,0,20.0,100.0,0.00406,0.0,2.0,,
0,16x16,,1377,,10,4,0.9,0.9,0.005,0,20.0,100.0,0.0049,0.0,2.0,,
0,16x16,,1378,,10,4,0.9,0.9,0.005,0,20.0,100.0,0.00117,0.0,1.0,,
0,16x16,,1379,,10,4,0.9,0.9,0.005,0,20.0,100.0,0.00862,0.0,2.0,,
0,16x16,,1380,,10,4,0.9,0.9,0.005,0,20.0,100.0,8e-05,0.0,1.0,,
0,16x16,,1381,,10,4,0.9,0.9,0.005,0,20.0,100.0,0.00668,0.0,2.0,,
0,16x16,,1382,,10,4,0.9,0.9,0.005,0,20.0,100.0,0.00489,0.0,2.0,,
0,16x16,,1383,,10,4,0.9,0.9,0.005,0,20.0,100.0,0.0189,0.0,8.0,,
0,16x16,,1384,,10,4,0.9,0.9,0.005,0,20.0,100.0,0.00323,0.0,2.0,,
0,16x16,,1385,,10,4,0.9,0.9,0.005,0,20.0,100.0,0.00288,0.0,1.0,,
0,16x16,,1386,,10,4,0.9,0.9,0.005,0,20.0,100.0,0.00131,0.0,1.0,,
0,16x16,,1387,,10,4,0.9,0.9,0.005,0,20.0,100.0,0.00828,0.0,3.0,,
0,16x16,,1388,,10,4,0.9,0.9,0.005,0,20.0,100.0,0.00167,0.0,1.0,,
0,16x16,,1389,,10,4,0.9,0.9,0.005,0,20.0,100.0,0.00276,0.0,2.0,,
0,16x16,,1390,,10,4,0.9,0.9,0.005,0,20.0,100.0,0.00157,0.0,1.0,,
0,16x16,,1391,,10,4,0.9,0.9,0.005,0,20.0,100.0,0.0048,0.0,2.0,,
0,16x16,,1392,,10,4,0.9,0.9,0.005,0,20.0,100.0,0.00194,0.0,1.0,,
0,16x16,,1393,,10,4,0.9,0.9,0.005,0,20.0,100.0,0.01055,0.0,5.0,,
0,16x16,,1394,,10,4,0.9,0.9,0.005,0,20.0,100.0,0.0056,0.0,2.0,,
0,16x16,,1395,,10,4,0.9,0.9,0.005,0,20.0,100.0,0.00186,0.0,1.0,,
0,16x16,,1396,,10,4,0.9,0.9,0.005,0,20.0,100.0,0.00433,0.0,2.0,,
0,16x16,,1397,,10,4,0.9,0.9,0.005,0,20.0,100.0,0.0032,0.0,1.0,,
0,16x16,,1398,,10,4,0.9,0.9,0.005,0,20.0,100.0,0.01051,0.0,4.0,,
0,16x16,,1399,,10,4,0.9,0.9,0.005,0,20.0,100.0,0.0033,0.0,2.0,,
0,16x16,,1400,,10,4,0.9,0.9,0.005,0,20.0,100.0,0.00401,0.0,2.0,,
0,16x16,,1401,,10,4,0.9,0.9,0.005,0,20.0,100.0,0.00012,0.0,1.0,,
0,16x16,,1402,,10,4,0.9,0.9,0.005,0,20.0,100.0,0.00475,0.0,2.0,,
0,16x16,,1403,,10,4,0.9,0.9,0.005,0,20.0,100.0,0.00199,0.0,1.0,,
0,16x16,,1404,,10,4,0.9,0.9,0.005,0,20.0,100.0,0.00507,0.0,2.0,,
0,16x16,,1405,,10,4,0.9,0.9,0.005,0,20.0,100.0,0.00476,0.0,2.0,,
0,16x16,,1406,,10,4,0.9,0.9,0.005,0,20.0,100.0,0.00327,0.0,2.0,,
0,16x16,,1407,,10,4,0.9,0.9,0.005,0,20.0,100.0,0.0047,0.0,2.0,,
0,16x16,,1408,,10,4,0.9,0.9,0.005,0,20.0,100.0,0.00531,0.0,2.0,,
0,16x16,,1409,,10,4,0.9,0.9,0.005,0,20.0,100.0,0.00841,0.0,3.0,,
0,16x16,,1410,,10,4,0.9,0.9,0.005,0,20.0,100.0,0.00644,0.0,2.0,,
0,16x16,,1411,,10,4,0.9,0.9,0.005,0,20.0,100.0,0.00175,0.0,1.0,,
0,16x16,,1412,,10,4,0.9,0.9,0.005,0,20.0,100.0,0.00453,0.0,2.0,,
0,16x16,,1413,,10,4,0.9,0.9,0.005,0,20.0,100.0,0.00308,0.0,1.0,,
0,16x16,,1414,,10,4,0.9,0.9,0.005,0,20.0,100.0,0.00313,0.0,1.0,,
0,16x16,,1415,,10,4,0.9,0.9,0.005,0,20.0,100.0,0.00439,0.0,2.0,,
0,16x16,,1416,,10,4,0.9,0.9,0.005,0,20.0,100.0,0.00283,0.0,1.0,,
0,16x16,,1417,,10,4,0.9,0.9,0.005,0,20.0,100.0,0.00449,0.0,2.0,,
0,16x16,,1418,,10,4,0.9,0.9,0.005,0,20.0,100.0,0.00236,0.0,1.0,,
0,16x16,,1419,,10,4,0.9,0.9,0.005,0,20.0,100.0,0.00718,0.0,3.0,,
0,16x16,,1420,,10,4,0.9,0.9,0.005,0,20.0,100.0,0.00262,0.0,1.0,,
0,16x16,,1421,,10,4,0.9,0.9,0.005,0,20.0,100.0,0.00012,0.0,1.0,,
0,16x16,,1422,,10,4,0.9,0.9,0.005,0,20.0,100.0,0.00416,0.0,1.0,,
0,16x16,,1423,,10,4,0.9,0.9,0.005,0,20.0,100.0,0.00286,0.0,1.0,,
0,16x16,,1424,,10,4,0.9,0.9,0.005,0,20.0,100.0,0.00119,0.0,1.0,,
0,16x16,,1425,,10,4,0.9,0.9,0.005,0,20.0,100.0,0.00573,0.0,2.0,,
0,16x16,,1426,,10,4,0.9,0.9,0.005,0,20.0,100.0,0.00843,0.0,3.0,,
0,16x16,,1427,,10,4,0.9,0.9,0.005,0,20.0,100.0,0.0077,0.0,3.0,,
0,16x16,,1428,,10,4,0.9,0.9,0.005,0,20.0,100.0,8e-05,0.0,1.0,,
0,16x16,,1429,,10,4,0.9,0.9,0.005,0,20.0,100.0,0.00795,0.0,2.0,,
0,16x16,,1430,,10,4,0.9,0.9,0.005,0,20.0,100.0,0.00719,0.0,3.0,,
0,16x16,,1431,,10,4,0.9,0.9,0.005,0,20.0,100.0,0.00409,0.0,2.0,,
0,16x16,,1432,,10,4,0.9,0.9,0.005,0,20.0,100.0,0.0061,0.0,2.0,,
0,16x16,,1433,,10,4,0.9,0.9,0.005,0,20.0,100.0,0.00504,0.0,2.0,,
0,16x16,,1434,,10,4,0.9,0.9,0.005,0,20.0,100.0,0.00379,0.0,2.0,,
0,16x16,,1435,,10,4,0.9,0.9,0.005,0,20.0,100.0,0.05563,0.0,18.0,,
0,16x16,,1436,,10,4,0.9,0.9,0.005,0,20.0,100.0,0.004,0.0,2.0,,
0,16x16,,1437,,10,4,0.9,0.9,0.005,0,20.0,100.0,0.00296,0.0,2.0,,
0,16x16,,1438,,10,4,0.9,0.9,0.005,0,20.0,100.0,0.00638,0.0,2.0,,
0,16x16,,1439,,10,4,0.9,0.9,0.005,0,20.0,100.0,8e-05,0.0,1.0,,
0,16x16,,1440,,10,4,0.9,0.9,0.005,0,20.0,100.0,0.00521,0.0,2.0,,
0,16x16,,1441,,10,4,0.9,0.9,0.005,0,20.0,100.0,0.00253,0.0,1.0,,
0,16x16,,1442,,10,4,0.9,0.9,0.005,0,20.0,100.0,8e-05,0.0,1.0,,
0,16x16,,1443,,10,4,0.9,0.9,0.005,0,20.0,100.0,0.00292,0.0,1.0,,
0,16x16,,1444,,10,4,0.9,0.9,0.005,0,20.0,100.0,0.00671,0.0,3.0,,
0,16x16,,1445,,10,4,0.9,0.9,0.005,0,20.0,100.0,0.00611,0.0,2.0,,
0,16x16,,1446,,10,4,0.9,0.9,0.005,0,20.0,100.0,0.00211,0.0,1.0,,
0,16x16,,1447,,10,4,0.9,0.9,0.005,0,20.0,100.0,0.00147,0.0,1.0,,
0,16x16,,1448,,10,4,0.9,0.9,0.005,0,20.0,100.0,0.00475,0.0,2.0,,
0,16x16,,1449,,10,4,0.9,0.9,0.005,0,20.0,100.0,0.00528,0.0,2.0,,
0,16x16,,1450,,10,4,0.9,0.9,0.005,0,20.0,100.0,0.00013,0.0,1.0,,
0,16x16,,1451,,10,4,0.9,0.9,0.005,0,20.0,100.0,0.00746,0.0,2.0,,
0,16x16,,1452,,10,4,0.9,0.9,0.005,0,20.0,100.0,0.00944,0.0,3.0,,
0,16x16,,1453,,10,4,0.9,0.9,0.005,0,20.0,100.0,0.0001,0.0,1.0,,
0,16x16,,1454,,10,4,0.9,0.9,0.005,0,20.0,100.0,0.00613,0.0,2.0,,
0,16x16,,1455,,10,4,0.9,0.9,0.005,0,20.0,100.0,0.00174,0.0,1.0,,
0,16x16,,1456,,10,4,0.9,0.9,0.005,0,20.0,100.0,0.00293,0.0,1.0,,
0,16x16,,1457,,10,4,0.9,0.9,0.005,0,20.0,100.0,0.00512,0.0,2.0,,
0,16x16,,1458,,10,4,0.9,0.9,0.005,0,20.0,100.0,0.0021,0.0,1.0,,
0,16x16,,1459,,10,4,0.9,0.9,0.005,0,20.0,100.0,0.00769,0.0,3.0,,
0,16x16,,1460,,10,4,0.9,0.9,0.005,0,20.0,100.0,0.00719,0.0,3.0,,
0,16x16,,1461,,10,4,0.9,0.9,0.005,0,20.0,100.0,0.00132,0.0,1.0,,
0,16x16,,1462,,10,4,0.9,0.9,0.005,0,20.0,100.0,0.00554,0.0,2.0,,
0,16x16,,1463,,10,4,0.9,0.9,0.005,0,20.0,100.0,0.0001,0.0,1.0,,
0,16x16,,1464,,10,4,0.9,0.9,0.005,0,20.0,100.0,0.00784,0.0,3.0,,
0,16x16,,1465,,10,4,0.9,0.9,0.005,0,20.0,100.0,0.0076,0.0,3.0,,
0,16x16,,1466,,10,4,0.9,0.9,0.005,0,20.0,100.0,0.00518,0.0,2.0,,
0,16x16,,1467,,10,4,0.9,0.9,0.005,0,20.0,100.0,0.00277,0.0,1.0,,
0,16x16,,1468,,10,4,0.9,0.9,0.005,0,20.0,100.0,0.00012,0.0,1.0,,
0,16x16,,1469,,10,4,0.9,0.9,0.005,0,20.0,100.0,0.00481,0.0,2.0,,
0,16x16,,1470,,10,4,0.9,0.9,0.005,0,20.0,100.0,0.0054,0.0,2.0,,
0,16x16,,1471,,10,4,0.9,0.9,0.005,0,20.0,100.0,0.0031,0.0,2.0,,
0,16x16,,1472,,10,4,0.9,0.9,0.005,0,20.0,100.0,0.01063,0.0,3.0,,
0,16x16,,1473,,10,4,0.9,0.9,0.005,0,20.0,100.0,0.00244,0.0,1.0,,
0,16x16,,1474,,10,4,0.9,0.9,0.005,0,20.0,100.0,0.00966,0.0,4.0,,
0,16x16,,1475,,10,4,0.9,0.9,0.005,0,20.0,100.0,0.00256,0.0,1.0,,
0,16x16,,1476,,10,4,0.9,0.9,0.005,0,20.0,100.0,0.01023,0.0,4.0,,
0,16x16,,1477,,10,4,0.9,0.9,0.005,0,20.0,100.0,0.00182,0.0,1.0,,
0,16x16,,1478,,10,4,0.9,0.9,0.005,0,20.0,100.0,0.00673,0.0,2.0,,
0,16x16,,1479,,10,4,0.9,0.9,0.005,0,20.0,100.0,0.00493,0.0,2.0,,
0,16x16,,1480,,10,4,0.9,0.9,0.005,0,20.0,100.0,0.00515,0.0,2.0,,
0,16x16,,1481,,10,4,0.9,0.9,0.005,0,20.0,100.0,0.00372,0.0,2.0,,
0,16x16,,1482,,10,4,0.9,0.9,0.005,0,20.0,100.0,0.00152,0.0,1.0,,
0,16x16,,1483,,10,4,0.9,0.9,0.005,0,20.0,100.0,0.00401,0.0,2.0,,
0,16x16,,1484,,10,4,0.9,0.9,0.005,0,20.0,100.0,0.00169,0.0,1.0,,
0,16x16,,1485,,10,4,0.9,0.9,0.005,0,20.0,100.0,0.00459,0.0,2.0,,
0,16x16,,1486,,10,4,0.9,0.9,0.005,0,20.0,100.0,0.00347,0.0,2.0,,
0,16x16,,1487,,10,4,0.9,0.9,0.005,0,20.0,100.0,8e-05,0.0,1.0,,
0,16x16,,1488,,10,4,0.9,0.9,0.005,0,20.0,100.0,0.01683,0.0,6.0,,
0,16x16,,1489,,10,4,0.9,0.9,0.005,0,20.0,100.0,0.00175,0.0,1.0,,
0,16x16,,1490,,10,4,0.9,0.9,0.005,0,20.0,100.0,0.00575,0.0,3.0,,
0,16x16,,1491,,10,4,0.9,0.9,0.005,0,20.0,100.0,8e-05,0.0,1.0,,
0,16x16,,1492,,10,4,0.9,0.9,0.005,0,20.0,100.0,0.00547,0.0,2.0,,
0,16x16,,1493,,10,4,0.9,0.9,0.005,0,20.0,100.0,9e-05,0.0,1.0,,
0,16x16,,1494,,10,4,0.9,0.9,0.005,0,20.0,100.0,9e-05,0.0,1.0,,
0,16x16,,1495,,10,4,0.9,0.9,0.005,0,20.0,100.0,0.00276,0.0,1.0,,
0,16x16,,1496,,10,4,0.9,0.9,0.005,0,20.0,100.0,0.00493,0.0,2.0,,
0,16x16,,1497,,10,4,0.9,0.9,0.005,0,20.0,100.0,0.0001,0.0,1.0,,
0,16x16,,1498,,10,4,0.9,0.9,0.005,0,20.0,100.0,0.0031,0.0,1.0,,
0,16x16,,1499,,10,4,0.9,0.9,0.005,0,20.0,100.0,0.30389,0.0,116.0,,
0,16x16,,1500,,10,4,0.9,0.9,0.005,0,20.0,100.0,0.00768,0.0,3.0,,
0,16x16,,1501,,10,4,0.9,0.9,0.005,0,20.0,100.0,0.00275,0.0,1.0,,
0,16x16,,1502,,10,4,0.9,0.9,0.005,0,20.0,100.0,0.00431,0.0,2.0,,
0,16x16,,1503,,10,4,0.9,0.9,0.005,0,20.0,100.0,0.00515,0.0,2.0,,
0,16x16,,1504,,10,4,0.9,0.9,0.005,0,20.0,100.0,0.00122,0.0,1.0,,
0,16x16,,1505,,10,4,0.9,0.9,0.005,0,20.0,100.0,0.0232,0.0,8.0,,
0,16x16,,1506,,10,4,0.9,0.9,0.005,0,20.0,100.0,0.00564,0.0,2.0,,
0,16x16,,1507,,10,4,0.9,0.9,0.005,0,20.0,100.0,0.00865,0.0,3.0,,
0,16x16,,1508,,10,4,0.9,0.9,0.005,0,20.0,100.0,0.00151,0.0,1.0,,
0,16x16,,1509,,10,4,0.9,0.9,0.005,0,20.0,100.0,0.00292,0.0,1.0,,
0,16x16,,1510,,10,4,0.9,0.9,0.005,0,20.0,100.0,0.0051,0.0,2.0,,
0,16x16,,1511,,10,4,0.9,0.9,0.005,0,20.0,100.0,0.00899,0.0,4.0,,
0,16x16,,1512,,10,4,0.9,0.9,0.005,0,20.0,100.0,0.00011,0.0,1.0,,
0,16x16,,1513,,10,4,0.9,0.9,0.005,0,20.0,100.0,0.00168,0.0,1.0,,
0,16x16,,1514,,10,4,0.9,0.9,0.005,0,20.0,100.0,0.02826,0.0,12.0,,
0,16x16,,1515,,10,4,0.9,0.9,0.005,0,20.0,100.0,0.00811,0.0,3.0,,
0,16x16,,1516,,10,4,0.9,0.9,0.005,0,20.0,100.0,0.00573,0.0,2.0,,
0,16x16,,1517,,10,4,0.9,0.9,0.005,0,20.0,100.0,0.00546,0.0,2.0,,
0,16x16,,1518,,10,4,0.9,0.9,0.005,0,20.0,100.0,0.01533,0.0,6.0,,
0,16x16,,1519,,10,4,0.9,0.9,0.005,0,20.0,100.0,0.00012,0.0,1.0,,
0,16x16,,1520,,10,4,0.9,0.9,0.005,0,20.0,100.0,0.00092,0.0,1.0,,
0,16x16,,1521,,10,4,0.9,0.9,0.005,0,20.0,100.0,0.00626,0.0,2.0,,
0,16x16,,1522,,10,4,0.9,0.9,0.005,0,20.0,100.0,0.00866,0.0,4.0,,
0,16x16,,1523,,10,4,0.9,0.9,0.005,0,20.0,100.0,0.00311,0.0,2.0,,
0,16x16,,1524,,10,4,0.9,0.9,0.005,0,20.0,100.0,0.00664,0.0,3.0,,
0,16x16,,1525,,10,4,0.9,0.9,0.005,0,20.0,100.0,0.00551,0.0,2.0,,
0,16x16,,1526,,10,4,0.9,0.9,0.005,0,20.0,100.0,0.00375,0.0,2.0,,
0,16x16,,1527,,10,4,0.9,0.9,0.005,0,20.0,100.0,0.0045,0.0,2.0,,
0,16x16,,1528,,10,4,0.9,0.9,0.005,0,20.0,100.0,0.01124,0.0,4.0,,
0,16x16,,1529,,10,4,0.9,0.9,0.005,0,20.0,100.0,0.00208,0.0,1.0,,
0,16x16,,1530,,10,4,0.9,0.9,0.005,0,20.0,100.0,0.00359,0.0,1.0,,
0,16x16,,1531,,10,4,0.9,0.9,0.005,0,20.0,100.0,0.00617,0.0,3.0,,
0,16x16,,1532,,10,4,0.9,0.9,0.005,0,20.0,100.0,0.01293,0.0,4.0,,
0,16x16,,1533,,10,4,0.9,0.9,0.005,0,20.0,100.0,8e-05,0.0,1.0,,
0,16x16,,1534,,10,4,0.9,0.9,0.005,0,20.0,100.0,0.0042,0.0,2.0,,
0,16x16,,1535,,10,4,0.9,0.9,0.005,0,20.0,100.0,0.00473,0.0,2.0,,
0,16x16,,1536,,10,4,0.9,0.9,0.005,0,20.0,100.0,0.00379,0.0,2.0,,
0,16x16,,1537,,10,4,0.9,0.9,0.005,0,20.0,100.0,0.00965,0.0,3.0,,
0,16x16,,1538,,10,4,0.9,0.9,0.005,0,20.0,100.0,0.00322,0.0,1.0,,
0,16x16,,1539,,10,4,0.9,0.9,0.005,0,20.0,100.0,0.0066,0.0,2.0,,
0,16x16,,1540,,10,4,0.9,0.9,0.005,0,20.0,100.0,0.00891,0.0,3.0,,
0,16x16,,1541,,10,4,0.9,0.9,0.005,0,20.0,100.0,0.00494,0.0,2.0,,
0,16x16,,1542,,10,4,0.9,0.9,0.005,0,20.0,100.0,0.0001,0.0,1.0,,
0,16x16,,1543,,10,4,0.9,0.9,0.005,0,20.0,100.0,0.00609,0.0,2.0,,
0,16x16,,1544,,10,4,0.9,0.9,0.005,0,20.0,100.0,0.00876,0.0,3.0,,
0,16x16,,1545,,10,4,0.9,0.9,0.005,0,20.0,100.0,0.00645,0.0,3.0,,
0,16x16,,1546,,10,4,0.9,0.9,0.005,0,20.0,100.0,0.00542,0.0,2.0,,
0,16x16,,1547,,10,4,0.9,0.9,0.005,0,20.0,100.0,0.00392,0.0,2.0,,
0,16x16,,1548,,10,4,0.9,0.9,0.005,0,20.0,100.0,0.02322,0.0,7.0,,
0,16x16,,1549,,10,4,0.9,0.9,0.005,0,20.0,100.0,0.00444,0.0,2.0,,
0,16x16,,1550,,10,4,0.9,0.9,0.005,0,20.0,100.0,0.00416,0.0,2.0,,
0,16x16,,1551,,10,4,0.9,0.9,0.005,0,20.0,100.0,0.00547,0.0,1.0,,
0,16x16,,1552,,10,4,0.9,0.9,0.005,0,20.0,100.0,0.00267,0.0,1.0,,
0,16x16,,1553,,10,4,0.9,0.9,0.005,0,20.0,100.0,0.00511,0.0,2.0,,
0,16x16,,1554,,10,4,0.9,0.9,0.005,0,20.0,100.0,0.00457,0.0,2.0,,
0,16x16,,1555,,10,4,0.9,0.9,0.005,0,20.0,100.0,0.00498,0.0,2.0,,
0,16x16,,1556,,10,4,0.9,0.9,0.005,0,20.0,100.0,0.00833,0.0,3.0,,
0,16x16,,1557,,10,4,0.9,0.9,0.005,0,20.0,100.0,0.00182,0.0,2.0,,
0,16x16,,1558,,10,4,0.9,0.9,0.005,0,20.0,100.0,0.00155,0.0,1.0,,
0,16x16,,1559,,10,4,0.9,0.9,0.005,0,20.0,100.0,0.00155,0.0,1.0,,
0,16x16,,1560,,10,4,0.9,0.9,0.005,0,20.0,100.0,0.00202,0.0,1.0,,
0,16x16,,1561,,10,4,0.9,0.9,0.005,0,20.0,100.0,0.00956,0.0,4.0,,
0,16x16,,1562,,10,4,0.9,0.9,0.005,0,20.0,100.0,0.00375,0.0,2.0,,
0,16x16,,1563,,10,4,0.9,0.9,0.005,0,20.0,100.0,0.00295,0.0,1.0,,
0,16x16,,1564,,10,4,0.9,0.9,0.005,0,20.0,100.0,0.00345,0.0,2.0,,
0,16x16,,1565,,10,4,0.9,0.9,0.005,0,20.0,100.0,0.00491,0.0,2.0,,
0,16x16,,1566,,10,4,0.9,0.9,0.005,0,20.0,100.0,0.00553,0.0,2.0,,
0,16x16,,1567,,10,4,0.9,0.9,0.005,0,20.0,100.0,0.005,0.0,2.0,,
0,16x16,,1568,,10,4,0.9,0.9,0.005,0,20.0,100.0,0.00042,0.0,1.0,,
0,16x16,,1569,,10,4,0.9,0.9,0.005,0,20.0,100.0,0.00252,0.0,1.0,,
0,16x16,,1570,,10,4,0.9,0.9,0.005,0,20.0,100.0,0.00792,0.0,3.0,,
0,16x16,,1571,,10,4,0.9,0.9,0.005,0,20.0,100.0,0.00567,0.0,2.0,,
0,16x16,,1572,,10,4,0.9,0.9,0.005,0,20.0,100.0,0.00138,0.0,1.0,,
0,16x16,,1573,,10,4,0.9,0.9,0.005,0,20.0,100.0,0.02864,0.0,10.0,,
0,16x16,,1574,,10,4,0.9,0.9,0.005,0,20.0,100.0,9e-05,0.0,1.0,,
0,16x16,,1575,,10,4,0.9,0.9,0.005,0,20.0,100.0,0.01291,0.0,4.0,,
0,16x16,,1576,,10,4,0.9,0.9,0.005,0,20.0,100.0,0.0035,0.0,2.0,,
0,16x16,,1577,,10,4,0.9,0.9,0.005,0,20.0,100.0,0.0062,0.0,2.0,,
0,16x16,,1578,,10,4,0.9,0.9,0.005,0,20.0,100.0,0.00563,0.0,2.0,,
0,16x16,,1579,,10,4,0.9,0.9,0.005,0,20.0,100.0,0.00179,0.0,1.0,,
0,16x16,,1580,,10,4,0.9,0.9,0.005,0,20.0,100.0,0.00538,0.0,2.0,,
0,16x16,,1581,,10,4,0.9,0.9,0.005,0,20.0,100.0,0.00908,0.0,4.0,,
0,16x16,,1582,,10,4,0.9,0.9,0.005,0,20.0,100.0,0.00944,0.0,3.0,,
0,16x16,,1583,,10,4,0.9,0.9,0.005,0,20.0,100.0,9e-05,0.0,1.0,,
0,16x16,,1584,,10,4,0.9,0.9,0.005,0,20.0,100.0,0.00469,0.0,2.0,,
0,16x16,,1585,,10,4,0.9,0.9,0.005,0,20.0,100.0,0.00276,0.0,1.0,,
0,16x16,,1586,,10,4,0.9,0.9,0.005,0,20.0,100.0,0.00544,0.0,2.0,,
0,16x16,,1587,,10,4,0.9,0.9,0.005,0,20.0,100.0,0.00565,0.0,2.0,,
0,16x16,,1588,,10,4,0.9,0.9,0.005,0,20.0,100.0,0.0049,0.0,2.0,,
0,16x16,,1589,,10,4,0.9,0.9,0.005,0,20.0,100.0,0.00218,0.0,1.0,,
0,16x16,,1590,,10,4,0.9,0.9,0.005,0,20.0,100.0,0.0051,0.0,2.0,,
0,16x16,,1591,,10,4,0.9,0.9,0.005,0,20.0,100.0,0.00233,0.0,1.0,,
0,16x16,,1592,,10,4,0.9,0.9,0.005,0,20.0,100.0,0.00535,0.0,2.0,,
0,16x16,,1593,,10,4,0.9,0.9,0.005,0,20.0,100.0,0.00436,0.0,2.0,,
0,16x16,,1594,,10,4,0.9,0.9,0.005,0,20.0,100.0,0.00936,0.0,4.0,,
0,16x16,,1595,,10,4,0.9,0.9,0.005,0,20.0,100.0,0.00779,0.0,3.0,,
0,16x16,,1596,,10,4,0.9,0.9,0.005,0,20.0,100.0,0.00509,0.0,2.0,,
0,16x16,,1597,,10,4,0.9,0.9,0.005,0,20.0,100.0,0.00311,0.0,1.0,,
0,16x16,,1598,,10,4,0.9,0.9,0.005,0,20.0,100.0,8e-05,0.0,1.0,,
0,16x16,,1599,,10,4,0.9,0.9,0.005,0,20.0,100.0,0.00606,0.0,3.0,,
0,16x16,,1600,,10,4,0.9,0.9,0.005,0,20.0,100.0,0.01034,0.0,4.0,,
0,16x16,,1601,,10,4,0.9,0.9,0.005,0,20.0,100.0,0.00477,0.0,2.0,,
0,16x16,,1602,,10,4,0.9,0.9,0.005,0,20.0,100.0,0.0019,0.0,1.0,,
0,16x16,,1603,,10,4,0.9,0.9,0.005,0,20.0,100.0,0.00768,0.0,3.0,,
0,16x16,,1604,,10,4,0.9,0.9,0.005,0,20.0,100.0,0.00569,0.0,2.0,,
0,16x16,,1605,,10,4,0.9,0.9,0.005,0,20.0,100.0,0.0052,0.0,2.0,,
0,16x16,,1606,,10,4,0.9,0.9,0.005,0,20.0,100.0,0.00852,0.0,3.0,,
0,16x16,,1607,,10,4,0.9,0.9,0.005,0,20.0,100.0,0.014,0.0,6.0,,
0,16x16,,1608,,10,4,0.9,0.9,0.005,0,20.0,100.0,0.00512,0.0,2.0,,
0,16x16,,1609,,10,4,0.9,0.9,0.005,0,20.0,100.0,0.00639,0.0,2.0,,
0,16x16,,1610,,10,4,0.9,0.9,0.005,0,20.0,100.0,0.00385,0.0,2.0,,
0,16x16,,1611,,10,4,0.9,0.9,0.005,0,20.0,100.0,0.00717,0.0,4.0,,
0,16x16,,1612,,10,4,0.9,0.9,0.005,0,20.0,100.0,0.00268,0.0,1.0,,
0,16x16,,1613,,10,4,0.9,0.9,0.005,0,20.0,100.0,0.00204,0.0,1.0,,
0,16x16,,1614,,10,4,0.9,0.9,0.005,0,20.0,100.0,0.0073,0.0,3.0,,
0,16x16,,1615,,10,4,0.9,0.9,0.005,0,20.0,100.0,0.00863,0.0,2.0,,
0,16x16,,1616,,10,4,0.9,0.9,0.005,0,20.0,100.0,0.00206,0.0,1.0,,
0,16x16,,1617,,10,4,0.9,0.9,0.005,0,20.0,100.0,0.00906,0.0,3.0,,
0,16x16,,1618,,10,4,0.9,0.9,0.005,0,20.0,100.0,0.00496,0.0,2.0,,
0,16x16,,1619,,10,4,0.9,0.9,0.005,0,20.0,100.0,0.00431,0.0,2.0,,
0,16x16,,1620,,10,4,0.9,0.9,0.005,0,20.0,100.0,0.0071,0.0,2.0,,
0,16x16,,1621,,10,4,0.9,0.9,0.005,0,20.0,100.0,0.00748,0.0,3.0,,
0,16x16,,1622,,10,4,0.9,0.9,0.005,0,20.0,100.0,0.00592,0.0,2.0,,
0,16x16,,1623,,10,4,0.9,0.9,0.005,0,20.0,100.0,0.00146,0.0,1.0,,
0,16x16,,1624,,10,4,0.9,0.9,0.005,0,20.0,100.0,0.00254,0.0,1.0,,
0,16x16,,1625,,10,4,0.9,0.9,0.005,0,20.0,100.0,0.00468,0.0,2.0,,
0,16x16,,1626,,10,4,0.9,0.9,0.005,0,20.0,100.0,0.05173,0.0,16.0,,
0,16x16,,1627,,10,4,0.9,0.9,0.005,0,20.0,100.0,0.00417,0.0,2.0,,
0,16x16,,1628,,10,4,0.9,0.9,0.005,0,20.0,100.0,0.01425,0.0,5.0,,
0,16x16,,1629,,10,4,0.9,0.9,0.005,0,20.0,100.0,0.00159,0.0,1.0,,
0,16x16,,1630,,10,4,0.9,0.9,0.005,0,20.0,100.0,0.0001,0.0,1.0,,
0,16x16,,1631,,10,4,0.9,0.9,0.005,0,20.0,100.0,0.00571,0.0,3.0,,
0,16x16,,1632,,10,4,0.9,0.9,0.005,0,20.0,100.0,0.00163,0.0,1.0,,
0,16x16,,1633,,10,4,0.9,0.9,0.005,0,20.0,100.0,0.00015,0.0,1.0,,
0,16x16,,1634,,10,4,0.9,0.9,0.005,0,20.0,100.0,0.0025,0.0,1.0,,
0,16x16,,1635,,10,4,0.9,0.9,0.005,0,20.0,100.0,0.02068,0.0,10.0,,
0,16x16,,1636,,10,4,0.9,0.9,0.005,0,20.0,100.0,0.0035,0.0,2.0,,
0,16x16,,1637,,10,4,0.9,0.9,0.005,0,20.0,100.0,8e-05,0.0,1.0,,
0,16x16,,1638,,10,4,0.9,0.9,0.005,0,20.0,100.0,0.01681,0.0,7.0,,
0,16x16,,1639,,10,4,0.9,0.9,0.005,0,20.0,100.0,0.00504,0.0,2.0,,
0,16x16,,1640,,10,4,0.9,0.9,0.005,0,20.0,100.0,0.00523,0.0,2.0,,
0,16x16,,1641,,10,4,0.9,0.9,0.005,0,20.0,100.0,0.00719,0.0,3.0,,
0,16x16,,1642,,10,4,0.9,0.9,0.005,0,20.0,100.0,0.00427,0.0,2.0,,
0,16x16,,1643,,10,4,0.9,0.9,0.005,0,20.0,100.0,0.0463,0.0,14.0,,
0,16x16,,1644,,10,4,0.9,0.9,0.005,0,20.0,100.0,0.00391,0.0,3.0,,
0,16x16,,1645,,10,4,0.9,0.9,0.005,0,20.0,100.0,0.00488,0.0,2.0,,
0,16x16,,1646,,10,4,0.9,0.9,0.005,0,20.0,100.0,0.013,0.0,4.0,,
0,16x16,,1647,,10,4,0.9,0.9,0.005,0,20.0,100.0,0.00181,0.0,1.0,,
0,16x16,,1648,,10,4,0.9,0.9,0.005,0,20.0,100.0,0.00479,0.0,2.0,,
0,16x16,,1649,,10,4,0.9,0.9,0.005,0,20.0,100.0,0.00105,0.0,1.0,,
0,16x16,,1650,,10,4,0.9,0.9,0.005,0,20.0,100.0,0.00451,0.0,2.0,,
0,16x16,,1651,,10,4,0.9,0.9,0.005,0,20.0,100.0,0.00454,0.0,2.0,,
0,16x16,,1652,,10,4,0.9,0.9,0.005,0,20.0,100.0,0.00484,0.0,2.0,,
0,16x16,,1653,,10,4,0.9,0.9,0.005,0,20.0,100.0,0.00162,0.0,1.0,,
0,16x16,,1654,,10,4,0.9,0.9,0.005,0,20.0,100.0,0.00218,0.0,1.0,,
0,16x16,,1655,,10,4,0.9,0.9,0.005,0,20.0,100.0,0.00318,0.0,1.0,,
0,16x16,,1656,,10,4,0.9,0.9,0.005,0,20.0,100.0,0.0011,0.0,1.0,,
0,16x16,,1657,,10,4,0.9,0.9,0.005,0,20.0,100.0,0.0232,0.0,7.0,,
0,16x16,,1658,,10,4,0.9,0.9,0.005,0,20.0,100.0,0.0027,0.0,1.0,,
0,16x16,,1659,,10,4,0.9,0.9,0.005,0,20.0,100.0,0.00665,0.0,2.0,,
0,16x16,,1660,,10,4,0.9,0.9,0.005,0,20.0,100.0,0.01062,0.0,4.0,,
0,16x16,,1661,,10,4,0.9,0.9,0.005,0,20.0,100.0,0.00513,0.0,2.0,,
0,16x16,,1662,,10,4,0.9,0.9,0.005,0,20.0,100.0,0.00688,0.0,2.0,,
0,16x16,,1663,,10,4,0.9,0.9,0.005,0,20.0,100.0,8e-05,0.0,1.0,,
0,16x16,,1664,,10,4,0.9,0.9,0.005,0,20.0,100.0,0.00339,0.0,2.0,,
0,16x16,,1665,,10,4,0.9,0.9,0.005,0,20.0,100.0,0.00378,0.0,2.0,,
0,16x16,,1666,,10,4,0.9,0.9,0.005,0,20.0,100.0,0.00485,0.0,2.0,,
0,16x16,,1667,,10,4,0.9,0.9,0.005,0,20.0,100.0,0.01103,0.0,2.0,,
0,16x16,,1668,,10,4,0.9,0.9,0.005,0,20.0,100.0,0.00013,0.0,1.0,,
0,16x16,,1669,,10,4,0.9,0.9,0.005,0,20.0,100.0,0.00272,0.0,1.0,,
0,16x16,,1670,,10,4,0.9,0.9,0.005,0,20.0,100.0,0.00233,0.0,2.0,,
0,16x16,,1671,,10,4,0.9,0.9,0.005,0,20.0,100.0,0.0017,0.0,1.0,,
0,16x16,,1672,,10,4,0.9,0.9,0.005,0,20.0,100.0,0.00705,0.0,2.0,,
0,16x16,,1673,,10,4,0.9,0.9,0.005,0,20.0,100.0,0.01715,0.0,6.0,,
0,16x16,,1674,,10,4,0.9,0.9,0.005,0,20.0,100.0,0.30242,0.0,122.0,,
0,16x16,,1675,,10,4,0.9,0.9,0.005,0,20.0,100.0,0.00426,0.0,2.0,,
0,16x16,,1676,,10,4,0.9,0.9,0.005,0,20.0,100.0,0.01035,0.0,3.0,,
0,16x16,,1677,,10,4,0.9,0.9,0.005,0,20.0,100.0,0.00447,0.0,2.0,,
0,16x16,,1678,,10,4,0.9,0.9,0.005,0,20.0,100.0,0.00315,0.0,1.0,,
0,16x16,,1679,,10,4,0.9,0.9,0.005,0,20.0,100.0,0.00484,0.0,2.0,,
0,16x16,,1680,,10,4,0.9,0.9,0.005,0,20.0,100.0,8e-05,0.0,1.0,,
0,16x16,,1681,,10,4,0.9,0.9,0.005,0,20.0,100.0,0.0072,0.0,5.0,,
0,16x16,,1682,,10,4,0.9,0.9,0.005,0,20.0,100.0,0.00513,0.0,3.0,,
0,16x16,,1683,,10,4,0.9,0.9,0.005,0,20.0,100.0,0.01242,0.0,5.0,,
0,16x16,,1684,,10,4,0.9,0.9,0.005,0,20.0,100.0,0.00167,0.0,1.0,,
0,16x16,,1685,,10,4,0.9,0.9,0.005,0,20.0,100.0,0.00392,0.0,2.0,,
0,16x16,,1686,,10,4,0.9,0.9,0.005,0,20.0,100.0,0.00493,0.0,2.0,,
0,16x16,,1687,,10,4,0.9,0.9,0.005,0,20.0,100.0,0.01482,0.0,5.0,,
0,16x16,,1688,,10,4,0.9,0.9,0.005,0,20.0,100.0,0.0001,0.0,1.0,,
0,16x16,,1689,,10,4,0.9,0.9,0.005,0,20.0,100.0,0.00285,0.0,1.0,,
0,16x16,,1690,,10,4,0.9,0.9,0.005,0,20.0,100.0,0.0018,0.0,1.0,,
0,16x16,,1691,,10,4,0.9,0.9,0.005,0,20.0,100.0,0.00223,0.0,1.0,,
0,16x16,,1692,,10,4,0.9,0.9,0.005,0,20.0,100.0,0.00311,0.0,1.0,,
0,16x16,,1693,,10,4,0.9,0.9,0.005,0,20.0,100.0,0.00502,0.0,2.0,,
0,16x16,,1694,,10,4,0.9,0.9,0.005,0,20.0,100.0,0.00376,0.0,1.0,,
0,16x16,,1695,,10,4,0.9,0.9,0.005,0,20.0,100.0,0.00391,0.0,2.0,,
0,16x16,,1696,,10,4,0.9,0.9,0.005,0,20.0,100.0,0.00355,0.0,1.0,,
0,16x16,,1697,,10,4,0.9,0.9,0.005,0,20.0,100.0,0.00224,0.0,1.0,,
0,16x16,,1698,,10,4,0.9,0.9,0.005,0,20.0,100.0,0.00606,0.0,2.0,,
0,16x16,,1699,,10,4,0.9,0.9,0.005,0,20.0,100.0,0.00601,0.0,3.0,,
0,16x16,,1700,,10,4,0.9,0.9,0.005,0,20.0,100.0,0.00871,0.0,3.0,,
0,16x16,,1701,,10,4,0.9,0.9,0.005,0,20.0,100.0,0.00215,0.0,1.0,,
0,16x16,,1702,,10,4,0.9,0.9,0.005,0,20.0,100.0,0.0199,0.0,7.0,,
0,16x16,,1703,,10,4,0.9,0.9,0.005,0,20.0,100.0,0.0043,0.0,2.0,,
0,16x16,,1704,,10,4,0.9,0.9,0.005,0,20.0,100.0,0.01035,0.0,3.0,,
0,16x16,,1705,,10,4,0.9,0.9,0.005,0,20.0,100.0,0.00649,0.0,2.0,,
0,16x16,,1706,,10,4,0.9,0.9,0.005,0,20.0,100.0,0.00497,0.0,2.0,,
0,16x16,,1707,,10,4,0.9,0.9,0.005,0,20.0,100.0,0.00372,0.0,2.0,,
0,16x16,,1708,,10,4,0.9,0.9,0.005,0,20.0,100.0,0.00391,0.0,2.0,,
0,16x16,,1709,,10,4,0.9,0.9,0.005,0,20.0,100.0,0.03413,0.0,12.0,,
0,16x16,,1710,,10,4,0.9,0.9,0.005,0,20.0,100.0,0.00451,0.0,2.0,,
0,16x16,,1711,,10,4,0.9,0.9,0.005,0,20.0,100.0,0.00266,0.0,2.0,,
0,16x16,,1712,,10,4,0.9,0.9,0.005,0,20.0,100.0,0.00517,0.0,2.0,,
0,16x16,,1713,,10,4,0.9,0.9,0.005,0,20.0,100.0,0.00881,0.0,3.0,,
0,16x16,,1714,,10,4,0.9,0.9,0.005,0,20.0,100.0,0.00554,0.0,2.0,,
0,16x16,,1715,,10,4,0.9,0.9,0.005,0,20.0,100.0,8e-05,0.0,1.0,,
0,16x16,,1716,,10,4,0.9,0.9,0.005,0,20.0,100.0,0.00682,0.0,3.0,,
0,16x16,,1717,,10,4,0.9,0.9,0.005,0,20.0,100.0,0.00271,0.0,1.0,,
0,16x16,,1718,,10,4,0.9,0.9,0.005,0,20.0,100.0,9e-05,0.0,1.0,,
0,16x16,,1719,,10,4,0.9,0.9,0.005,0,20.0,100.0,0.00294,0.0,2.0,,
0,16x16,,1720,,10,4,0.9,0.9,0.005,0,20.0,100.0,0.0026,0.0,1.0,,
0,16x16,,1721,,10,4,0.9,0.9,0.005,0,20.0,100.0,0.0001,0.0,1.0,,
0,16x16,,1722,,10,4,0.9,0.9,0.005,0,20.0,100.0,0.00393,0.0,2.0,,
0,16x16,,1723,,10,4,0.9,0.9,0.005,0,20.0,100.0,0.00543,0.0,2.0,,
0,16x16,,1724,,10,4,0.9,0.9,0.005,0,20.0,100.0,0.00363,0.0,2.0,,
0,16x16,,1725,,10,4,0.9,0.9,0.005,0,20.0,100.0,0.00318,0.0,2.0,,
0,16x16,,1726,,10,4,0.9,0.9,0.005,0,20.0,100.0,0.00014,0.0,1.0,,
0,16x16,,1727,,10,4,0.9,0.9,0.005,0,20.0,100.0,0.00714,0.0,3.0,,
0,16x16,,1728,,10,4,0.9,0.9,0.005,0,20.0,100.0,0.0074,0.0,3.0,,
0,16x16,,1729,,10,4,0.9,0.9,0.005,0,20.0,100.0,0.00255,0.0,1.0,,
0,16x16,,1730,,10,4,0.9,0.9,0.005,0,20.0,100.0,0.00633,0.0,2.0,,
0,16x16,,1731,,10,4,0.9,0.9,0.005,0,20.0,100.0,0.00334,0.0,1.0,,
0,16x16,,1732,,10,4,0.9,0.9,0.005,0,20.0,100.0,0.00502,0.0,2.0,,
0,16x16,,1733,,10,4,0.9,0.9,0.005,0,20.0,100.0,0.00559,0.0,2.0,,
0,16x16,,1734,,10,4,0.9,0.9,0.005,0,20.0,100.0,0.00225,0.0,1.0,,
0,16x16,,1735,,10,4,0.9,0.9,0.005,0,20.0,100.0,0.0074,0.0,3.0,,
0,16x16,,1736,,10,4,0.9,0.9,0.005,0,20.0,100.0,0.0001,0.0,1.0,,
0,16x16,,1737,,10,4,0.9,0.9,0.005,0,20.0,100.0,0.01202,0.0,4.0,,
0,16x16,,1738,,10,4,0.9,0.9,0.005,0,20.0,100.0,0.03109,0.0,12.0,,
0,16x16,,1739,,10,4,0.9,0.9,0.005,0,20.0,100.0,0.01258,0.0,4.0,,
0,16x16,,1740,,10,4,0.9,0.9,0.005,0,20.0,100.0,0.00012,0.0,1.0,,
0,16x16,,1741,,10,4,0.9,0.9,0.005,0,20.0,100.0,0.00757,0.0,3.0,,
0,16x16,,1742,,10,4,0.9,0.9,0.005,0,20.0,100.0,0.00958,0.0,3.0,,
0,16x16,,1743,,10,4,0.9,0.9,0.005,0,20.0,100.0,0.0085,0.0,3.0,,
0,16x16,,1744,,10,4,0.9,0.9,0.005,0,20.0,100.0,0.01166,0.0,2.0,,
0,16x16,,1745,,10,4,0.9,0.9,0.005,0,20.0,100.0,0.00013,0.0,1.0,,
0,16x16,,1746,,10,4,0.9,0.9,0.005,0,20.0,100.0,0.00523,0.0,2.0,,
0,16x16,,1747,,10,4,0.9,0.9,0.005,0,20.0,100.0,0.01118,0.0,4.0,,
0,16x16,,1748,,10,4,0.9,0.9,0.005,0,20.0,100.0,9e-05,0.0,1.0,,
0,16x16,,1749,,10,4,0.9,0.9,0.005,0,20.0,100.0,0.00195,0.0,1.0,,
0,16x16,,1750,,10,4,0.9,0.9,0.005,0,20.0,100.0,0.0001,0.0,1.0,,
0,16x16,,1751,,10,4,0.9,0.9,0.005,0,20.0,100.0,0.00151,0.0,1.0,,
0,16x16,,1752,,10,4,0.9,0.9,0.005,0,20.0,100.0,0.00172,0.0,1.0,,
0,16x16,,1753,,10,4,0.9,0.9,0.005,0,20.0,100.0,9e-05,0.0,1.0,,
0,16x16,,1754,,10,4,0.9,0.9,0.005,0,20.0,100.0,0.01204,0.0,3.0,,
0,16x16,,1755,,10,4,0.9,0.9,0.005,0,20.0,100.0,0.00011,0.0,1.0,,
0,16x16,,1756,,10,4,0.9,0.9,0.005,0,20.0,100.0,0.0061,0.0,4.0,,
0,16x16,,1757,,10,4,0.9,0.9,0.005,0,20.0,100.0,0.00382,0.0,2.0,,
0,16x16,,1758,,10,4,0.9,0.9,0.005,0,20.0,100.0,0.00249,0.0,1.0,,
0,16x16,,1759,,10,4,0.9,0.9,0.005,0,20.0,100.0,0.00495,0.0,2.0,,
0,16x16,,1760,,10,4,0.9,0.9,0.005,0,20.0,100.0,0.0003,0.0,1.0,,
0,16x16,,1761,,10,4,0.9,0.9,0.005,0,20.0,100.0,9e-05,0.0,1.0,,
0,16x16,,1762,,10,4,0.9,0.9,0.005,0,20.0,100.0,0.00869,0.0,3.0,,
0,16x16,,1763,,10,4,0.9,0.9,0.005,0,20.0,100.0,0.00184,0.0,1.0,,
0,16x16,,1764,,10,4,0.9,0.9,0.005,0,20.0,100.0,0.00524,0.0,2.0,,
0,16x16,,1765,,10,4,0.9,0.9,0.005,0,20.0,100.0,0.00821,0.0,3.0,,
0,16x16,,1766,,10,4,0.9,0.9,0.005,0,20.0,100.0,0.00199,0.0,2.0,,
0,16x16,,1767,,10,4,0.9,0.9,0.005,0,20.0,100.0,0.00951,0.0,4.0,,
0,16x16,,1768,,10,4,0.9,0.9,0.005,0,20.0,100.0,0.00239,0.0,1.0,,
0,16x16,,1769,,10,4,0.9,0.9,0.005,0,20.0,100.0,0.00693,0.0,2.0,,
0,16x16,,1770,,10,4,0.9,0.9,0.005,0,20.0,100.0,0.00744,0.0,3.0,,
0,16x16,,1771,,10,4,0.9,0.9,0.005,0,20.0,100.0,0.00228,0.0,1.0,,
0,16x16,,1772,,10,4,0.9,0.9,0.005,0,20.0,100.0,0.00512,0.0,2.0,,
0,16x16,,1773,,10,4,0.9,0.9,0.005,0,20.0,100.0,0.00388,0.0,2.0,,
0,16x16,,1774,,10,4,0.9,0.9,0.005,0,20.0,100.0,0.01351,0.0,5.0,,
0,16x16,,1775,,10,4,0.9,0.9,0.005,0,20.0,100.0,0.00916,0.0,2.0,,
0,16x16,,1776,,10,4,0.9,0.9,0.005,0,20.0,100.0,0.00314,0.0,2.0,,
0,16x16,,1777,,10,4,0.9,0.9,0.005,0,20.0,100.0,0.00976,0.0,3.0,,
0,16x16,,1778,,10,4,0.9,0.9,0.005,0,20.0,100.0,0.00257,0.0,1.0,,
0,16x16,,1779,,10,4,0.9,0.9,0.005,0,20.0,100.0,0.0092,0.0,4.0,,
0,16x16,,1780,,10,4,0.9,0.9,0.005,0,20.0,100.0,0.00562,0.0,2.0,,
0,16x16,,1781,,10,4,0.9,0.9,0.005,0,20.0,100.0,0.00553,0.0,2.0,,
0,16x16,,1782,,10,4,0.9,0.9,0.005,0,20.0,100.0,0.08548,0.0,35.0,,
0,16x16,,1783,,10,4,0.9,0.9,0.005,0,20.0,100.0,0.00494,0.0,2.0,,
0,16x16,,1784,,10,4,0.9,0.9,0.005,0,20.0,100.0,0.00123,0.0,1.0,,
0,16x16,,1785,,10,4,0.9,0.9,0.005,0,20.0,100.0,0.00572,0.0,2.0,,
0,16x16,,1786,,10,4,0.9,0.9,0.005,0,20.0,100.0,0.00713,0.0,3.0,,
0,16x16,,1787,,10,4,0.9,0.9,0.005,0,20.0,100.0,0.00473,0.0,2.0,,
0,16x16,,1788,,10,4,0.9,0.9,0.005,0,20.0,100.0,0.00957,0.0,4.0,,
0,16x16,,1789,,10,4,0.9,0.9,0.005,0,20.0,100.0,0.00776,0.0,3.0,,
0,16x16,,1790,,10,4,0.9,0.9,0.005,0,20.0,100.0,0.0085,0.0,3.0,,
0,16x16,,1791,,10,4,0.9,0.9,0.005,0,20.0,100.0,0.00324,0.0,2.0,,
0,16x16,,1792,,10,4,0.9,0.9,0.005,0,20.0,100.0,0.0023,0.0,1.0,,
0,16x16,,1793,,10,4,0.9,0.9,0.005,0,20.0,100.0,0.00511,0.0,2.0,,
0,16x16,,1794,,10,4,0.9,0.9,0.005,0,20.0,100.0,0.00823,0.0,3.0,,
0,16x16,,1795,,10,4,0.9,0.9,0.005,0,20.0,100.0,0.0001,0.0,1.0,,
0,16x16,,1796,,10,4,0.9,0.9,0.005,0,20.0,100.0,0.00694,0.0,3.0,,
0,16x16,,1797,,10,4,0.9,0.9,0.005,0,20.0,100.0,0.00577,0.0,2.0,,
0,16x16,,1798,,10,4,0.9,0.9,0.005,0,20.0,100.0,0.00259,0.0,1.0,,
0,16x16,,1799,,10,4,0.9,0.9,0.005,0,20.0,100.0,0.00519,0.0,2.0,,
0,16x16,,1800,,10,4,0.9,0.9,0.005,0,20.0,100.0,1.10065,0.0,341.0,,
0,16x16,,1801,,10,4,0.9,0.9,0.005,0,20.0,100.0,0.00721,0.0,3.0,,
0,16x16,,1802,,10,4,0.9,0.9,0.005,0,20.0,100.0,0.00405,0.0,1.0,,
0,16x16,,1803,,10,4,0.9,0.9,0.005,0,20.0,100.0,0.00534,0.0,2.0,,
0,16x16,,1804,,10,4,0.9,0.9,0.005,0,20.0,100.0,0.00825,0.0,3.0,,
0,16x16,,1805,,10,4,0.9,0.9,0.005,0,20.0,100.0,0.01289,0.0,4.0,,
0,16x16,,1806,,10,4,0.9,0.9,0.005,0,20.0,100.0,0.12634,0.0,41.0,,
0,16x16,,1807,,10,4,0.9,0.9,0.005,0,20.0,100.0,0.00104,0.0,1.0,,
0,16x16,,1808,,10,4,0.9,0.9,0.005,0,20.0,100.0,0.00127,0.0,1.0,,
0,16x16,,1809,,10,4,0.9,0.9,0.005,0,20.0,100.0,0.00651,0.0,2.0,,
0,16x16,,1810,,10,4,0.9,0.9,0.005,0,20.0,100.0,8e-05,0.0,1.0,,
0,16x16,,1811,,10,4,0.9,0.9,0.005,0,20.0,100.0,0.01306,0.0,5.0,,
0,16x16,,1812,,10,4,0.9,0.9,0.005,0,20.0,100.0,0.00163,0.0,1.0,,
0,16x16,,1813,,10,4,0.9,0.9,0.005,0,20.0,100.0,0.00603,0.0,2.0,,
0,16x16,,1814,,10,4,0.9,0.9,0.005,0,20.0,100.0,0.00884,0.0,3.0,,
0,16x16,,1815,,10,4,0.9,0.9,0.005,0,20.0,100.0,0.00528,0.0,3.0,,
0,16x16,,1816,,10,4,0.9,0.9,0.005,0,20.0,100.0,0.00525,0.0,2.0,,
0,16x16,,1817,,10,4,0.9,0.9,0.005,0,20.0,100.0,0.00467,0.0,2.0,,
0,16x16,,1818,,10,4,0.9,0.9,0.005,0,20.0,100.0,0.02812,0.0,11.0,,
0,16x16,,1819,,10,4,0.9,0.9,0.005,0,20.0,100.0,0.00576,0.0,2.0,,
0,16x16,,1820,,10,4,0.9,0.9,0.005,0,20.0,100.0,0.00648,0.0,2.0,,
0,16x16,,1821,,10,4,0.9,0.9,0.005,0,20.0,100.0,0.01245,0.0,6.0,,
0,16x16,,1822,,10,4,0.9,0.9,0.005,0,20.0,100.0,0.00267,0.0,2.0,,
0,16x16,,1823,,10,4,0.9,0.9,0.005,0,20.0,100.0,0.00746,0.0,2.0,,
0,16x16,,1824,,10,4,0.9,0.9,0.005,0,20.0,100.0,0.00098,0.0,1.0,,
0,16x16,,1825,,10,4,0.9,0.9,0.005,0,20.0,100.0,0.00661,0.0,3.0,,
0,16x16,,1826,,10,4,0.9,0.9,0.005,0,20.0,100.0,0.00507,0.0,2.0,,
0,16x16,,1827,,10,4,0.9,0.9,0.005,0,20.0,100.0,0.00668,0.0,2.0,,
0,16x16,,1828,,10,4,0.9,0.9,0.005,0,20.0,100.0,0.03071,0.0,16.0,,
0,16x16,,1829,,10,4,0.9,0.9,0.005,0,20.0,100.0,0.00483,0.0,2.0,,
0,16x16,,1830,,10,4,0.9,0.9,0.005,0,20.0,100.0,0.00482,0.0,2.0,,
0,16x16,,1831,,10,4,0.9,0.9,0.005,0,20.0,100.0,0.00242,0.0,1.0,,
0,16x16,,1832,,10,4,0.9,0.9,0.005,0,20.0,100.0,0.00551,0.0,2.0,,
0,16x16,,1833,,10,4,0.9,0.9,0.005,0,20.0,100.0,0.00433,0.0,2.0,,
0,16x16,,1834,,10,4,0.9,0.9,0.005,0,20.0,100.0,0.00748,0.0,3.0,,
0,16x16,,1835,,10,4,0.9,0.9,0.005,0,20.0,100.0,0.04445,0.0,12.0,,
0,16x16,,1836,,10,4,0.9,0.9,0.005,0,20.0,100.0,0.00549,0.0,2.0,,
0,16x16,,1837,,10,4,0.9,0.9,0.005,0,20.0,100.0,0.00152,0.0,1.0,,
0,16x16,,1838,,10,4,0.9,0.9,0.005,0,20.0,100.0,0.00233,0.0,2.0,,
0,16x16,,1839,,10,4,0.9,0.9,0.005,0,20.0,100.0,0.00088,0.0,1.0,,
0,16x16,,1840,,10,4,0.9,0.9,0.005,0,20.0,100.0,0.00474,0.0,2.0,,
0,16x16,,1841,,10,4,0.9,0.9,0.005,0,20.0,100.0,0.00575,0.0,2.0,,
0,16x16,,1842,,10,4,0.9,0.9,0.005,0,20.0,100.0,0.00016,0.0,1.0,,
0,16x16,,1843,,10,4,0.9,0.9,0.005,0,20.0,100.0,0.00414,0.0,2.0,,
0,16x16,,1844,,10,4,0.9,0.9,0.005,0,20.0,100.0,0.00767,0.0,2.0,,
0,16x16,,1845,,10,4,0.9,0.9,0.005,0,20.0,100.0,0.01177,0.0,3.0,,
0,16x16,,1846,,10,4,0.9,0.9,0.005,0,20.0,100.0,0.00955,0.0,3.0,,
0,16x16,,1847,,10,4,0.9,0.9,0.005,0,20.0,100.0,0.00553,0.0,1.0,,
0,16x16,,1848,,10,4,0.9,0.9,0.005,0,20.0,100.0,0.0079,0.0,2.0,,
0,16x16,,1849,,10,4,0.9,0.9,0.005,0,20.0,100.0,0.00711,0.0,2.0,,
0,16x16,,1850,,10,4,0.9,0.9,0.005,0,20.0,100.0,0.00237,0.0,1.0,,
0,16x16,,1851,,10,4,0.9,0.9,0.005,0,20.0,100.0,0.0001,0.0,1.0,,
0,16x16,,1852,,10,4,0.9,0.9,0.005,0,20.0,100.0,0.03453,0.0,11.0,,
0,16x16,,1853,,10,4,0.9,0.9,0.005,0,20.0,100.0,0.00899,0.0,4.0,,
0,16x16,,1854,,10,4,0.9,0.9,0.005,0,20.0,100.0,0.01786,0.0,6.0,,
0,16x16,,1855,,10,4,0.9,0.9,0.005,0,20.0,100.0,0.0098,0.0,4.0,,
0,16x16,,1856,,10,4,0.9,0.9,0.005,0,20.0,100.0,0.00409,0.0,2.0,,
0,16x16,,1857,,10,4,0.9,0.9,0.005,0,20.0,100.0,0.01549,0.0,5.0,,
0,16x16,,1858,,10,4,0.9,0.9,0.005,0,20.0,100.0,0.00178,0.0,1.0,,
0,16x16,,1859,,10,4,0.9,0.9,0.005,0,20.0,100.0,0.00401,0.0,2.0,,
0,16x16,,1860,,10,4,0.9,0.9,0.005,0,20.0,100.0,0.00666,0.0,2.0,,
0,16x16,,1861,,10,4,0.9,0.9,0.005,0,20.0,100.0,0.00563,0.0,2.0,,
0,16x16,,1862,,10,4,0.9,0.9,0.005,0,20.0,100.0,0.00838,0.0,5.0,,
0,16x16,,1863,,10,4,0.9,0.9,0.005,0,20.0,100.0,8e-05,0.0,1.0,,
0,16x16,,1864,,10,4,0.9,0.9,0.005,0,20.0,100.0,0.00191,0.0,1.0,,
0,16x16,,1865,,10,4,0.9,0.9,0.005,0,20.0,100.0,0.00686,0.0,2.0,,
0,16x16,,1866,,10,4,0.9,0.9,0.005,0,20.0,100.0,0.00844,0.0,4.0,,
0,16x16,,1867,,10,4,0.9,0.9,0.005,0,20.0,100.0,0.0001,0.0,1.0,,
0,16x16,,1868,,10,4,0.9,0.9,0.005,0,20.0,100.0,0.011,0.0,3.0,,
0,16x16,,1869,,10,4,0.9,0.9,0.005,0,20.0,100.0,0.00131,0.0,1.0,,
0,16x16,,1870,,10,4,0.9,0.9,0.005,0,20.0,100.0,0.00845,0.0,3.0,,
0,16x16,,1871,,10,4,0.9,0.9,0.005,0,20.0,100.0,0.0038,0.0,1.0,,
0,16x16,,1872,,10,4,0.9,0.9,0.005,0,20.0,100.0,0.02765,0.0,10.0,,
0,16x16,,1873,,10,4,0.9,0.9,0.005,0,20.0,100.0,0.00425,0.0,2.0,,
0,16x16,,1874,,10,4,0.9,0.9,0.005,0,20.0,100.0,8e-05,0.0,1.0,,
0,16x16,,1875,,10,4,0.9,0.9,0.005,0,20.0,100.0,0.00519,0.0,2.0,,
0,16x16,,1876,,10,4,0.9,0.9,0.005,0,20.0,100.0,0.00518,0.0,2.0,,
0,16x16,,1877,,10,4,0.9,0.9,0.005,0,20.0,100.0,0.00442,0.0,2.0,,
0,16x16,,1878,,10,4,0.9,0.9,0.005,0,20.0,100.0,8e-05,0.0,1.0,,
0,16x16,,1879,,10,4,0.9,0.9,0.005,0,20.0,100.0,0.0062,0.0,2.0,,
0,16x16,,1880,,10,4,0.9,0.9,0.005,0,20.0,100.0,0.00743,0.0,2.0,,
0,16x16,,1881,,10,4,0.9,0.9,0.005,0,20.0,100.0,0.00238,0.0,1.0,,
0,16x16,,1882,,10,4,0.9,0.9,0.005,0,20.0,100.0,0.00764,0.0,3.0,,
0,16x16,,1883,,10,4,0.9,0.9,0.005,0,20.0,100.0,0.00648,0.0,2.0,,
0,16x16,,1884,,10,4,0.9,0.9,0.005,0,20.0,100.0,0.00011,0.0,1.0,,
0,16x16,,1885,,10,4,0.9,0.9,0.005,0,20.0,100.0,0.00958,0.0,3.0,,
0,16x16,,1886,,10,4,0.9,0.9,0.005,0,20.0,100.0,0.00822,0.0,2.0,,
0,16x16,,1887,,10,4,0.9,0.9,0.005,0,20.0,100.0,0.00834,0.0,2.0,,
0,16x16,,1888,,10,4,0.9,0.9,0.005,0,20.0,100.0,0.00222,0.0,1.0,,
0,16x16,,1889,,10,4,0.9,0.9,0.005,0,20.0,100.0,0.26441,0.0,101.0,,
0,16x16,,1890,,10,4,0.9,0.9,0.005,0,20.0,100.0,0.00682,0.0,2.0,,
0,16x16,,1891,,10,4,0.9,0.9,0.005,0,20.0,100.0,0.00629,0.0,3.0,,
0,16x16,,1892,,10,4,0.9,0.9,0.005,0,20.0,100.0,0.00674,0.0,2.0,,
0,16x16,,1893,,10,4,0.9,0.9,0.005,0,20.0,100.0,0.00469,0.0,2.0,,
0,16x16,,1894,,10,4,0.9,0.9,0.005,0,20.0,100.0,0.00255,0.0,1.0,,
0,16x16,,1895,,10,4,0.9,0.9,0.005,0,20.0,100.0,0.00293,0.0,1.0,,
0,16x16,,1896,,10,4,0.9,0.9,0.005,0,20.0,100.0,0.00332,0.0,2.0,,
0,16x16,,1897,,10,4,0.9,0.9,0.005,0,20.0,100.0,0.00492,0.0,2.0,,
0,16x16,,1898,,10,4,0.9,0.9,0.005,0,20.0,100.0,0.00419,0.0,2.0,,
0,16x16,,1899,,10,4,0.9,0.9,0.005,0,20.0,100.0,0.00531,0.0,2.0,,
0,16x16,,1900,,10,4,0.9,0.9,0.005,0,20.0,100.0,0.00534,0.0,2.0,,
0,16x16,,1901,,10,4,0.9,0.9,0.005,0,20.0,100.0,0.00556,0.0,3.0,,
0,16x16,,1902,,10,4,0.9,0.9,0.005,0,20.0,100.0,0.0025,0.0,1.0,,
0,16x16,,1903,,10,4,0.9,0.9,0.005,0,20.0,100.0,0.00576,0.0,2.0,,
0,16x16,,1904,,10,4,0.9,0.9,0.005,0,20.0,100.0,0.00498,0.0,2.0,,
0,16x16,,1905,,10,4,0.9,0.9,0.005,0,20.0,100.0,0.00171,0.0,1.0,,
0,16x16,,1906,,10,4,0.9,0.9,0.005,0,20.0,100.0,0.00838,0.0,2.0,,
0,16x16,,1907,,10,4,0.9,0.9,0.005,0,20.0,100.0,0.00381,0.0,2.0,,
0,16x16,,1908,,10,4,0.9,0.9,0.005,0,20.0,100.0,0.01021,0.0,5.0,,
0,16x16,,1909,,10,4,0.9,0.9,0.005,0,20.0,100.0,0.00335,0.0,1.0,,
0,16x16,,1910,,10,4,0.9,0.9,0.005,0,20.0,100.0,0.00454,0.0,2.0,,
0,16x16,,1911,,10,4,0.9,0.9,0.005,0,20.0,100.0,0.00285,0.0,1.0,,
0,16x16,,1912,,10,4,0.9,0.9,0.005,0,20.0,100.0,0.00497,0.0,2.0,,
0,16x16,,1913,,10,4,0.9,0.9,0.005,0,20.0,100.0,0.00683,0.0,2.0,,
0,16x16,,1914,,10,4,0.9,0.9,0.005,0,20.0,100.0,0.01466,0.0,5.0,,
0,16x16,,1915,,10,4,0.9,0.9,0.005,0,20.0,100.0,0.0027,0.0,1.0,,
0,16x16,,1916,,10,4,0.9,0.9,0.005,0,20.0,100.0,0.01061,0.0,3.0,,
0,16x16,,1917,,10,4,0.9,0.9,0.005,0,20.0,100.0,0.00629,0.0,2.0,,
0,16x16,,1918,,10,4,0.9,0.9,0.005,0,20.0,100.0,0.00297,0.0,2.0,,
0,16x16,,1919,,10,4,0.9,0.9,0.005,0,20.0,100.0,0.00459,0.0,2.0,,
0,16x16,,1920,,10,4,0.9,0.9,0.005,0,20.0,100.0,0.01454,0.0,5.0,,
0,16x16,,1921,,10,4,0.9,0.9,0.005,0,20.0,100.0,0.01005,0.0,4.0,,
0,16x16,,1922,,10,4,0.9,0.9,0.005,0,20.0,100.0,0.00815,0.0,3.0,,
0,16x16,,1923,,10,4,0.9,0.9,0.005,0,20.0,100.0,0.00991,0.0,3.0,,
0,16x16,,1924,,10,4,0.9,0.9,0.005,0,20.0,100.0,0.00465,0.0,2.0,,
0,16x16,,1925,,10,4,0.9,0.9,0.005,0,20.0,100.0,0.00216,0.0,1.0,,
0,16x16,,1926,,10,4,0.9,0.9,0.005,0,20.0,100.0,0.00667,0.0,2.0,,
0,16x16,,1927,,10,4,0.9,0.9,0.005,0,20.0,100.0,0.00383,0.0,2.0,,
0,16x16,,1928,,10,4,0.9,0.9,0.005,0,20.0,100.0,0.00277,0.0,1.0,,
0,16x16,,1929,,10,4,0.9,0.9,0.005,0,20.0,100.0,0.01216,0.0,4.0,,
0,16x16,,1930,,10,4,0.9,0.9,0.005,0,20.0,100.0,0.00771,0.0,4.0,,
0,16x16,,1931,,10,4,0.9,0.9,0.005,0,20.0,100.0,0.06046,0.0,19.0,,
0,16x16,,1932,,10,4,0.9,0.9,0.005,0,20.0,100.0,9e-05,0.0,1.0,,
0,16x16,,1933,,10,4,0.9,0.9,0.005,0,20.0,100.0,0.03383,0.0,9.0,,
0,16x16,,1934,,10,4,0.9,0.9,0.005,0,20.0,100.0,0.00618,0.0,2.0,,
0,16x16,,1935,,10,4,0.9,0.9,0.005,0,20.0,100.0,0.00667,0.0,2.0,,
0,16x16,,1936,,10,4,0.9,0.9,0.005,0,20.0,100.0,0.0035,0.0,2.0,,
0,16x16,,1937,,10,4,0.9,0.9,0.005,0,20.0,100.0,0.05008,0.0,17.0,,
0,16x16,,1938,,10,4,0.9,0.9,0.005,0,20.0,100.0,8e-05,0.0,1.0,,
0,16x16,,1939,,10,4,0.9,0.9,0.005,0,20.0,100.0,0.00782,0.0,3.0,,
0,16x16,,1940,,10,4,0.9,0.9,0.005,0,20.0,100.0,0.00434,0.0,2.0,,
0,16x16,,1941,,10,4,0.9,0.9,0.005,0,20.0,100.0,0.00809,0.0,3.0,,
0,16x16,,1942,,10,4,0.9,0.9,0.005,0,20.0,100.0,0.00331,0.0,1.0,,
0,16x16,,1943,,10,4,0.9,0.9,0.005,0,20.0,100.0,0.00254,0.0,1.0,,
0,16x16,,1944,,10,4,0.9,0.9,0.005,0,20.0,100.0,0.00538,0.0,2.0,,
0,16x16,,1945,,10,4,0.9,0.9,0.005,0,20.0,100.0,0.00183,0.0,1.0,,
0,16x16,,1946,,10,4,0.9,0.9,0.005,0,20.0,100.0,0.01048,0.0,3.0,,
0,16x16,,1947,,10,4,0.9,0.9,0.005,0,20.0,100.0,0.00227,0.0,1.0,,
0,16x16,,1948,,10,4,0.9,0.9,0.005,0,20.0,100.0,0.01038,0.0,3.0,,
0,16x16,,1949,,10,4,0.9,0.9,0.005,0,20.0,100.0,0.04428,0.0,9.0,,
0,16x16,,1950,,10,4,0.9,0.9,0.005,0,20.0,100.0,0.0001,0.0,1.0,,
0,16x16,,1951,,10,4,0.9,0.9,0.005,0,20.0,100.0,0.00667,0.0,2.0,,
0,16x16,,1952,,10,4,0.9,0.9,0.005,0,20.0,100.0,0.00779,0.0,2.0,,
0,16x16,,1953,,10,4,0.9,0.9,0.005,0,20.0,100.0,0.02889,0.0,9.0,,
0,16x16,,1954,,10,4,0.9,0.9,0.005,0,20.0,100.0,0.00022,0.0,1.0,,
0,16x16,,1955,,10,4,0.9,0.9,0.005,0,20.0,100.0,0.01545,0.0,4.0,,
0,16x16,,1956,,10,4,0.9,0.9,0.005,0,20.0,100.0,0.00151,0.0,1.0,,
0,16x16,,1957,,10,4,0.9,0.9,0.005,0,20.0,100.0,0.00659,0.0,2.0,,
0,16x16,,1958,,10,4,0.9,0.9,0.005,0,20.0,100.0,0.00222,0.0,1.0,,
0,16x16,,1959,,10,4,0.9,0.9,0.005,0,20.0,100.0,0.00268,0.0,1.0,,
0,16x16,,1960,,10,4,0.9,0.9,0.005,0,20.0,100.0,0.01094,0.0,4.0,,
0,16x16,,1961,,10,4,0.9,0.9,0.005,0,20.0,100.0,0.00403,0.0,2.0,,
0,16x16,,1962,,10,4,0.9,0.9,0.005,0,20.0,100.0,0.01785,0.0,6.0,,
0,16x16,,1963,,10,4,0.9,0.9,0.005,0,20.0,100.0,0.00256,0.0,1.0,,
0,16x16,,1964,,10,4,0.9,0.9,0.005,0,20.0,100.0,0.00118,0.0,2.0,,
0,16x16,,1965,,10,4,0.9,0.9,0.005,0,20.0,100.0,0.00616,0.0,3.0,,
0,16x16,,1966,,10,4,0.9,0.9,0.005,0,20.0,100.0,0.0092,0.0,3.0,,
0,16x16,,1967,,10,4,0.9,0.9,0.005,0,20.0,100.0,0.0071,0.0,2.0,,
0,16x16,,1968,,10,4,0.9,0.9,0.005,0,20.0,100.0,0.00491,0.0,2.0,,
0,16x16,,1969,,10,4,0.9,0.9,0.005,0,20.0,100.0,0.01089,0.0,4.0,,
0,16x16,,1970,,10,4,0.9,0.9,0.005,0,20.0,100.0,0.0065,0.0,2.0,,
0,16x16,,1971,,10,4,0.9,0.9,0.005,0,20.0,100.0,8e-05,0.0,1.0,,
0,16x16,,1972,,10,4,0.9,0.9,0.005,0,20.0,100.0,0.00544,0.0,2.0,,
0,16x16,,1973,,10,4,0.9,0.9,0.005,0,20.0,100.0,0.0131,0.0,4.0,,
0,16x16,,1974,,10,4,0.9,0.9,0.005,0,20.0,100.0,0.00277,0.0,1.0,,
0,16x16,,1975,,10,4,0.9,0.9,0.005,0,20.0,100.0,0.00488,0.0,2.0,,
0,16x16,,1976,,10,4,0.9,0.9,0.005,0,20.0,100.0,0.00376,0.0,1.0,,
0,16x16,,1977,,10,4,0.9,0.9,0.005,0,20.0,100.0,0.00666,0.0,3.0,,
0,16x16,,1978,,10,4,0.9,0.9,0.005,0,20.0,100.0,0.003,0.0,1.0,,
0,16x16,,1979,,10,4,0.9,0.9,0.005,0,20.0,100.0,0.00359,0.0,2.0,,
0,16x16,,1980,,10,4,0.9,0.9,0.005,0,20.0,100.0,0.0028,0.0,1.0,,
0,16x16,,1981,,10,4,0.9,0.9,0.005,0,20.0,100.0,8e-05,0.0,1.0,,
0,16x16,,1982,,10,4,0.9,0.9,0.005,0,20.0,100.0,0.00925,0.0,4.0,,
0,16x16,,1983,,10,4,0.9,0.9,0.005,0,20.0,100.0,0.00166,0.0,1.0,,
0,16x16,,1984,,10,4,0.9,0.9,0.005,0,20.0,100.0,0.00315,0.0,1.0,,
0,16x16,,1985,,10,4,0.9,0.9,0.005,0,20.0,100.0,0.00328,0.0,2.0,,
0,16x16,,1986,,10,4,0.9,0.9,0.005,0,20.0,100.0,0.00545,0.0,2.0,,
0,16x16,,1987,,10,4,0.9,0.9,0.005,0,20.0,100.0,0.03837,0.0,13.0,,
0,16x16,,1988,,10,4,0.9,0.9,0.005,0,20.0,100.0,0.00502,0.0,2.0,,
0,16x16,,1989,,10,4,0.9,0.9,0.005,0,20.0,100.0,0.00186,0.0,2.0,,
0,16x16,,1990,,10,4,0.9,0.9,0.005,0,20.0,100.0,0.00499,0.0,2.0,,
0,16x16,,1991,,10,4,0.9,0.9,0.005,0,20.0,100.0,0.03118,0.0,9.0,,
0,16x16,,1992,,10,4,0.9,0.9,0.005,0,20.0,100.0,0.00413,0.0,2.0,,
0,16x16,,1993,,10,4,0.9,0.9,0.005,0,20.0,100.0,0.0139,0.0,4.0,,
0,16x16,,1994,,10,4,0.9,0.9,0.005,0,20.0,100.0,0.00511,0.0,2.0,,
0,16x16,,1995,,10,4,0.9,0.9,0.005,0,20.0,100.0,0.00611,0.0,2.0,,
0,16x16,,1996,,10,4,0.9,0.9,0.005,0,20.0,100.0,0.01341,0.0,3.0,,
0,16x16,,1997,,10,4,0.9,0.9,0.005,0,20.0,100.0,0.00448,0.0,3.0,,
0,16x16,,1998,,10,4,0.9,0.9,0.005,0,20.0,100.0,0.00605,0.0,2.0,,
0,16x16,,1999,,10,4,0.9,0.9,0.005,0,20.0,100.0,0.01059,0.0,3.0,,
0,16x16,,2000,,10,4,0.9,0.9,0.005,0,20.0,100.0,0.00728,0.0,3.0,,
0,16x16,,2001,,10,4,0.9,0.9,0.005,0,20.0,100.0,0.01177,0.0,4.0,,
0,16x16,,2002,,10,4,0.9,0.9,0.005,0,20.0,100.0,0.00306,0.0,1.0,,
0,16x16,,2003,,10,4,0.9,0.9,0.005,0,20.0,100.0,0.00963,0.0,5.0,,
0,16x16,,2004,,10,4,0.9,0.9,0.005,0,20.0,100.0,0.00869,0.0,3.0,,
0,16x16,,2005,,10,4,0.9,0.9,0.005,0,20.0,100.0,0.00254,0.0,1.0,,
0,16x16,,2006,,10,4,0.9,0.9,0.005,0,20.0,100.0,0.01828,0.0,6.0,,
0,16x16,,2007,,10,4,0.9,0.9,0.005,0,20.0,100.0,0.00192,0.0,1.0,,
0,16x16,,2008,,10,4,0.9,0.9,0.005,0,20.0,100.0,0.07719,0.0,26.0,,
0,16x16,,2009,,10,4,0.9,0.9,0.005,0,20.0,100.0,0.00638,0.0,2.0,,
0,16x16,,2010,,10,4,0.9,0.9,0.005,0,20.0,100.0,0.00791,0.0,3.0,,
0,16x16,,2011,,10,4,0.9,0.9,0.005,0,20.0,100.0,0.04403,0.0,13.0,,
0,16x16,,2012,,10,4,0.9,0.9,0.005,0,20.0,100.0,0.00563,0.0,2.0,,
0,16x16,,2013,,10,4,0.9,0.9,0.005,0,20.0,100.0,0.09334,0.0,40.0,,
0,16x16,,2014,,10,4,0.9,0.9,0.005,0,20.0,100.0,0.00276,0.0,2.0,,
0,16x16,,2015,,10,4,0.9,0.9,0.005,0,20.0,100.0,0.04021,0.0,16.0,,
0,16x16,,2016,,10,4,0.9,0.9,0.005,0,20.0,100.0,0.00306,0.0,1.0,,
0,16x16,,2017,,10,4,0.9,0.9,0.005,0,20.0,100.0,0.00464,0.0,2.0,,
0,16x16,,2018,,10,4,0.9,0.9,0.005,0,20.0,100.0,0.0231,0.0,9.0,,
0,16x16,,2019,,10,4,0.9,0.9,0.005,0,20.0,100.0,0.01179,0.0,5.0,,
0,16x16,,2020,,10,4,0.9,0.9,0.005,0,20.0,100.0,0.0055,0.0,2.0,,
0,16x16,,2021,,10,4,0.9,0.9,0.005,0,20.0,100.0,0.0016,0.0,1.0,,
0,16x16,,2022,,10,4,0.9,0.9,0.005,0,20.0,100.0,0.00503,0.0,2.0,,
0,16x16,,2023,,10,4,0.9,0.9,0.005,0,20.0,100.0,0.01916,0.0,7.0,,
0,16x16,,2024,,10,4,0.9,0.9,0.005,0,20.0,100.0,0.00209,0.0,1.0,,
0,16x16,,2025,,10,4,0.9,0.9,0.005,0,20.0,100.0,0.08556,0.0,28.0,,
0,16x16,,2026,,10,4,0.9,0.9,0.005,0,20.0,100.0,0.00576,0.0,5.0,,
0,16x16,,2027,,10,4,0.9,0.9,0.005,0,20.0,100.0,0.04668,0.0,26.0,,
0,16x16,,2028,,10,4,0.9,0.9,0.005,0,20.0,100.0,0.00153,0.0,1.0,,
0,16x16,,2029,,10,4,0.9,0.9,0.005,0,20.0,100.0,0.00602,0.0,3.0,,
0,16x16,,2030,,10,4,0.9,0.9,0.005,0,20.0,100.0,0.01249,0.0,3.0,,
0,16x16,,2031,,10,4,0.9,0.9,0.005,0,20.0,100.0,0.05054,0.0,19.0,,
0,16x16,,2032,,10,4,0.9,0.9,0.005,0,20.0,100.0,0.01041,0.0,4.0,,
0,16x16,,2033,,10,4,0.9,0.9,0.005,0,20.0,100.0,0.07154,0.0,21.0,,
0,16x16,,2034,,10,4,0.9,0.9,0.005,0,20.0,100.0,0.00807,0.0,3.0,,
0,16x16,,2035,,10,4,0.9,0.9,0.005,0,20.0,100.0,0.00449,0.0,2.0,,
0,16x16,,2036,,10,4,0.9,0.9,0.005,0,20.0,100.0,0.00155,0.0,2.0,,
0,16x16,,2037,,10,4,0.9,0.9,0.005,0,20.0,100.0,0.00692,0.0,3.0,,
0,16x16,,2038,,10,4,0.9,0.9,0.005,0,20.0,100.0,0.00245,0.0,1.0,,
0,16x16,,2039,,10,4,0.9,0.9,0.005,0,20.0,100.0,0.00221,0.0,1.0,,
0,16x16,,2040,,10,4,0.9,0.9,0.005,0,20.0,100.0,0.00266,0.0,1.0,,
0,16x16,,2041,,10,4,0.9,0.9,0.005,0,20.0,100.0,0.02449,0.0,12.0,,
0,16x16,,2042,,10,4,0.9,0.9,0.005,0,20.0,100.0,0.00574,0.0,2.0,,
0,16x16,,2043,,10,4,0.9,0.9,0.005,0,20.0,100.0,0.05194,0.0,16.0,,
0,16x16,,2044,,10,4,0.9,0.9,0.005,0,20.0,100.0,0.06111,0.0,24.0,,
0,16x16,,2045,,10,4,0.9,0.9,0.005,0,20.0,100.0,0.01127,0.0,4.0,,
0,16x16,,2046,,10,4,0.9,0.9,0.005,0,20.0,100.0,0.07768,0.0,32.0,,
0,16x16,,2047,,10,4,0.9,0.9,0.005,0,20.0,100.0,0.00474,0.0,2.0,,
0,16x16,,2048,,10,4,0.9,0.9,0.005,0,20.0,100.0,0.22189,0.0,78.0,,
0,16x16,,2049,,10,4,0.9,0.9,0.005,0,20.0,100.0,0.01614,0.0,6.0,,
0,16x16,,2050,,10,4,0.9,0.9,0.005,0,20.0,100.0,0.01428,0.0,5.0,,
0,16x16,,2051,,10,4,0.9,0.9,0.005,0,20.0,100.0,0.00322,0.0,1.0,,
0,16x16,,2052,,10,4,0.9,0.9,0.005,0,20.0,100.0,0.0053,0.0,2.0,,
0,16x16,,2053,,10,4,0.9,0.9,0.005,0,20.0,100.0,0.00661,0.0,3.0,,
0,16x16,,2054,,10,4,0.9,0.9,0.005,0,20.0,100.0,0.00533,0.0,2.0,,
0,16x16,,2055,,10,4,0.9,0.9,0.005,0,20.0,100.0,0.00716,0.0,3.0,,
0,16x16,,2056,,10,4,0.9,0.9,0.005,0,20.0,100.0,0.01358,0.0,4.0,,
0,16x16,,2057,,10,4,0.9,0.9,0.005,0,20.0,100.0,0.03995,0.0,13.0,,
0,16x16,,2058,,10,4,0.9,0.9,0.005,0,20.0,100.0,0.15498,0.0,70.0,,
0,16x16,,2059,,10,4,0.9,0.9,0.005,0,20.0,100.0,0.00479,0.0,2.0,,
0,16x16,,2060,,10,4,0.9,0.9,0.005,0,20.0,100.0,0.01053,0.0,5.0,,
0,16x16,,2061,,10,4,0.9,0.9,0.005,0,20.0,100.0,0.10946,0.0,42.0,,
0,16x16,,2062,,10,4,0.9,0.9,0.005,0,20.0,100.0,0.0045,0.0,2.0,,
0,16x16,,2063,,10,4,0.9,0.9,0.005,0,20.0,100.0,0.33278,0.0,148.0,,
0,16x16,,2064,,10,4,0.9,0.9,0.005,0,20.0,100.0,0.00926,0.0,3.0,,
0,16x16,,2065,,10,4,0.9,0.9,0.005,0,20.0,100.0,0.02819,0.0,11.0,,
0,16x16,,2066,,10,4,0.9,0.9,0.005,0,20.0,100.0,0.00912,0.0,3.0,,
0,16x16,,2067,,10,4,0.9,0.9,0.005,0,20.0,100.0,0.00179,0.0,1.0,,
0,16x16,,2068,,10,4,0.9,0.9,0.005,0,20.0,100.0,0.0054,0.0,2.0,,
0,16x16,,2069,,10,4,0.9,0.9,0.005,0,20.0,100.0,0.0263,0.0,8.0,,
0,16x16,,2070,,10,4,0.9,0.9,0.005,0,20.0,100.0,0.00488,0.0,2.0,,
0,16x16,,2071,,10,4,0.9,0.9,0.005,0,20.0,100.0,0.00926,0.0,4.0,,
0,16x16,,2072,,10,4,0.9,0.9,0.005,0,20.0,100.0,0.00397,0.0,2.0,,
0,16x16,,2073,,10,4,0.9,0.9,0.005,0,20.0,100.0,0.00476,0.0,2.0,,
0,16x16,,2074,,10,4,0.9,0.9,0.005,0,20.0,100.0,0.27118,0.0,104.0,,
0,16x16,,2075,,10,4,0.9,0.9,0.005,0,20.0,100.0,0.03177,0.0,10.0,,
0,16x16,,2076,,10,4,0.9,0.9,0.005,0,20.0,100.0,0.02029,0.0,8.0,,
0,16x16,,2077,,10,4,0.9,0.9,0.005,0,20.0,100.0,0.00797,0.0,3.0,,
0,16x16,,2078,,10,4,0.9,0.9,0.005,0,20.0,100.0,0.00462,0.0,2.0,,
0,16x16,,2079,,10,4,0.9,0.9,0.005,0,20.0,100.0,0.01227,0.0,5.0,,
0,16x16,,2080,,10,4,0.9,0.9,0.005,0,20.0,100.0,0.0025,0.0,1.0,,
0,16x16,,2081,,10,4,0.9,0.9,0.005,0,20.0,100.0,0.00655,0.0,3.0,,
0,16x16,,2082,,10,4,0.9,0.9,0.005,0,20.0,100.0,0.00562,0.0,3.0,,
0,16x16,,2083,,10,4,0.9,0.9,0.005,0,20.0,100.0,0.00399,0.0,2.0,,
0,16x16,,2084,,10,4,0.9,0.9,0.005,0,20.0,100.0,0.2275,0.0,104.0,,
0,16x16,,2085,,10,4,0.9,0.9,0.005,0,20.0,100.0,0.00146,0.0,1.0,,
0,16x16,,2086,,10,4,0.9,0.9,0.005,0,20.0,100.0,0.00144,0.0,1.0,,
0,16x16,,2087,,10,4,0.9,0.9,0.005,0,20.0,100.0,1.67814,0.0,702.0,,
0,16x16,,2088,,10,4,0.9,0.9,0.005,0,20.0,100.0,0.00613,0.0,3.0,,
0,16x16,,2089,,10,4,0.9,0.9,0.005,0,20.0,100.0,0.00193,0.0,1.0,,
0,16x16,,2090,,10,4,0.9,0.9,0.005,0,20.0,100.0,0.01173,0.0,5.0,,
0,16x16,,2091,,10,4,0.9,0.9,0.005,0,20.0,100.0,0.00426,0.0,2.0,,
0,16x16,,2092,,10,4,0.9,0.9,0.005,0,20.0,100.0,0.00872,0.0,3.0,,
0,16x16,,2093,,10,4,0.9,0.9,0.005,0,20.0,100.0,0.01002,0.0,4.0,,
0,16x16,,2094,,10,4,0.9,0.9,0.005,0,20.0,100.0,0.19386,0.0,92.0,,
0,16x16,,2095,,10,4,0.9,0.9,0.005,0,20.0,100.0,0.00573,0.0,2.0,,
0,16x16,,2096,,10,4,0.9,0.9,0.005,0,20.0,100.0,0.00726,0.0,4.0,,
0,16x16,,2097,,10,4,0.9,0.9,0.005,0,20.0,100.0,0.01865,0.0,8.0,,
0,16x16,,2098,,10,4,0.9,0.9,0.005,0,20.0,100.0,0.00343,0.0,2.0,,
0,16x16,,2099,,10,4,0.9,0.9,0.005,0,20.0,100.0,0.00965,0.0,4.0,,
0,16x16,,2100,,10,4,0.9,0.9,0.005,0,20.0,100.0,0.00306,0.0,1.0,,
0,16x16,,2101,,10,4,0.9,0.9,0.005,0,20.0,100.0,0.00307,0.0,2.0,,
0,16x16,,2102,,10,4,0.9,0.9,0.005,0,20.0,100.0,0.00686,0.0,3.0,,
0,16x16,,2103,,10,4,0.9,0.9,0.005,0,20.0,100.0,0.00731,0.0,4.0,,
0,16x16,,2104,,10,4,0.9,0.9,0.005,0,20.0,100.0,0.01105,0.0,4.0,,
0,16x16,,2105,,10,4,0.9,0.9,0.005,0,20.0,100.0,0.03671,0.0,16.0,,
0,16x16,,2106,,10,4,0.9,0.9,0.005,0,20.0,0.0,0.0,0.0,0.0,,
0,16x16,,2107,,10,4,0.9,0.9,0.005,0,20.0,100.0,0.00203,0.0,1.0,,
0,16x16,,2108,,10,4,0.9,0.9,0.005,0,20.0,100.0,0.00303,0.0,1.0,,
0,16x16,,2109,,10,4,0.9,0.9,0.005,0,20.0,100.0,0.00191,0.0,1.0,,
0,16x16,,2110,,10,4,0.9,0.9,0.005,0,20.0,100.0,1.06094,0.0,441.0,,
0,16x16,,2111,,10,4,0.9,0.9,0.005,0,20.0,100.0,0.03955,0.0,14.0,,
0,16x16,,2112,,10,4,0.9,0.9,0.005,0,20.0,100.0,0.00179,0.0,1.0,,
0,16x16,,2113,,10,4,0.9,0.9,0.005,0,20.0,100.0,0.00859,0.0,2.0,,
0,16x16,,2114,,10,4,0.9,0.9,0.005,0,20.0,100.0,0.00482,0.0,2.0,,
0,16x16,,2115,,10,4,0.9,0.9,0.005,0,20.0,100.0,9e-05,0.0,1.0,,
0,16x16,,2116,,10,4,0.9,0.9,0.005,0,20.0,100.0,0.00215,0.0,1.0,,
0,16x16,,2117,,10,4,0.9,0.9,0.005,0,20.0,100.0,0.01047,0.0,3.0,,
0,16x16,,2118,,10,4,0.9,0.9,0.005,0,20.0,100.0,0.03618,0.0,13.0,,
0,16x16,,2119,,10,4,0.9,0.9,0.005,0,20.0,100.0,1.13177,0.0,460.0,,
0,16x16,,2120,,10,4,0.9,0.9,0.005,0,20.0,100.0,0.00417,0.0,2.0,,
0,16x16,,2121,,10,4,0.9,0.9,0.005,0,20.0,100.0,0.01245,0.0,10.0,,
0,16x16,,2122,,10,4,0.9,0.9,0.005,0,20.0,100.0,0.00473,0.0,2.0,,
0,16x16,,2123,,10,4,0.9,0.9,0.005,0,20.0,100.0,0.00424,0.0,2.0,,
0,16x16,,2124,,10,4,0.9,0.9,0.005,0,20.0,100.0,0.01063,0.0,5.0,,
0,16x16,,2125,,10,4,0.9,0.9,0.005,0,20.0,100.0,0.00242,0.0,1.0,,
0,16x16,,2126,,10,4,0.9,0.9,0.005,0,20.0,100.0,0.0082,0.0,3.0,,
0,16x16,,2127,,10,4,0.9,0.9,0.005,0,20.0,100.0,0.02814,0.0,11.0,,
0,16x16,,2128,,10,4,0.9,0.9,0.005,0,20.0,100.0,0.00248,0.0,1.0,,
0,16x16,,2129,,10,4,0.9,0.9,0.005,0,20.0,100.0,0.38583,0.0,135.0,,
0,16x16,,2130,,10,4,0.9,0.9,0.005,0,20.0,100.0,0.00082,0.0,1.0,,
0,16x16,,2131,,10,4,0.9,0.9,0.005,0,20.0,100.0,0.00572,0.0,1.0,,
0,16x16,,2132,,10,4,0.9,0.9,0.005,0,20.0,100.0,0.07183,0.0,18.0,,
0,16x16,,2133,,10,4,0.9,0.9,0.005,0,20.0,100.0,4.23201,0.0,1664.0,,
0,16x16,,2134,,10,4,0.9,0.9,0.005,0,20.0,100.0,0.01634,0.0,8.0,,
0,16x16,,2135,,10,4,0.9,0.9,0.005,0,20.0,100.0,0.00486,0.0,3.0,,
0,16x16,,2136,,10,4,0.9,0.9,0.005,0,20.0,100.0,0.00368,0.0,2.0,,
0,16x16,,2137,,10,4,0.9,0.9,0.005,0,20.0,100.0,0.00031,0.0,1.0,,
0,16x16,,2138,,10,4,0.9,0.9,0.005,0,20.0,100.0,0.00184,0.0,1.0,,
0,16x16,,2139,,10,4,0.9,0.9,0.005,0,20.0,100.0,0.00497,0.0,2.0,,
0,16x16,,2140,,10,4,0.9,0.9,0.005,0,20.0,100.0,0.00761,0.0,3.0,,
0,16x16,,2141,,10,4,0.9,0.9,0.005,0,20.0,100.0,0.00915,0.0,4.0,,
0,16x16,,2142,,10,4,0.9,0.9,0.005,0,20.0,100.0,0.00152,0.0,1.0,,
0,16x16,,2143,,10,4,0.9,0.9,0.005,0,20.0,100.0,0.00428,0.0,2.0,,
0,16x16,,2144,,10,4,0.9,0.9,0.005,0,20.0,100.0,0.00729,0.0,2.0,,
0,16x16,,2145,,10,4,0.9,0.9,0.005,0,20.0,100.0,0.00246,0.0,1.0,,
0,16x16,,2146,,10,4,0.9,0.9,0.005,0,20.0,100.0,0.99607,0.0,384.0,,
0,16x16,,2147,,10,4,0.9,0.9,0.005,0,20.0,100.0,0.02838,0.0,8.0,,
0,16x16,,2148,,10,4,0.9,0.9,0.005,0,20.0,100.0,0.00163,0.0,1.0,,
0,16x16,,2149,,10,4,0.9,0.9,0.005,0,20.0,100.0,0.04187,0.0,19.0,,
0,16x16,,2150,,10,4,0.9,0.9,0.005,0,20.0,100.0,0.00229,0.0,1.0,,
0,16x16,,2151,,10,4,0.9,0.9,0.005,0,20.0,100.0,0.10272,0.0,42.0,,
0,16x16,,2152,,10,4,0.9,0.9,0.005,0,20.0,100.0,7.8118,0.0,2887.0,,
0,16x16,,2153,,10,4,0.9,0.9,0.005,0,20.0,100.0,0.01926,0.0,10.0,,
0,16x16,,2154,,10,4,0.9,0.9,0.005,0,20.0,100.0,0.06235,0.0,38.0,,
0,16x16,,2155,,10,4,0.9,0.9,0.005,0,20.0,100.0,0.00451,0.0,2.0,,
0,16x16,,2156,,10,4,0.9,0.9,0.005,0,20.0,100.0,0.0456,0.0,23.0,,
0,16x16,,2157,,10,4,0.9,0.9,0.005,0,20.0,100.0,0.00201,0.0,1.0,,
0,16x16,,2158,,10,4,0.9,0.9,0.005,0,20.0,100.0,0.01313,0.0,5.0,,
0,16x16,,2159,,10,4,0.9,0.9,0.005,0,20.0,100.0,0.12347,0.0,44.0,,
0,16x16,,2160,,10,4,0.9,0.9,0.005,0,20.0,100.0,1.28882,0.0,679.0,,
0,16x16,,2161,,10,4,0.9,0.9,0.005,0,20.0,100.0,0.00543,0.0,2.0,,
0,16x16,,2162,,10,4,0.9,0.9,0.005,0,20.0,100.0,0.01922,0.0,6.0,,
0,16x16,,2163,,10,4,0.9,0.9,0.005,0,20.0,100.0,0.07317,0.0,29.0,,
0,16x16,,2164,,10,4,0.9,0.9,0.005,0,20.0,100.0,0.01852,0.0,7.0,,
0,16x16,,2165,,10,4,0.9,0.9,0.005,0,20.0,100.0,0.00396,0.0,2.0,,
0,16x16,,2166,,10,4,0.9,0.9,0.005,0,20.0,100.0,0.00947,0.0,3.0,,
0,16x16,,2167,,10,4,0.9,0.9,0.005,0,20.0,100.0,0.00912,0.0,3.0,,
0,16x16,,2168,,10,4,0.9,0.9,0.005,0,20.0,100.0,0.00808,0.0,3.0,,
0,16x16,,2169,,10,4,0.9,0.9,0.005,0,20.0,100.0,0.00243,0.0,1.0,,
0,16x16,,2170,,10,4,0.9,0.9,0.005,0,20.0,100.0,0.00451,0.0,2.0,,
0,16x16,,2171,,10,4,0.9,0.9,0.005,0,20.0,100.0,0.71324,0.0,294.0,,
0,16x16,,2172,,10,4,0.9,0.9,0.005,0,20.0,100.0,0.00164,0.0,1.0,,
0,16x16,,2173,,10,4,0.9,0.9,0.005,0,20.0,100.0,0.00205,0.0,1.0,,
0,16x16,,2174,,10,4,0.9,0.9,0.005,0,20.0,100.0,0.01316,0.0,5.0,,
0,16x16,,2175,,10,4,0.9,0.9,0.005,0,20.0,100.0,0.00749,0.0,3.0,,
0,16x16,,2176,,10,4,0.9,0.9,0.005,0,20.0,100.0,0.01077,0.0,4.0,,
0,16x16,,2177,,10,4,0.9,0.9,0.005,0,20.0,100.0,0.00287,0.0,1.0,,
0,16x16,,2178,,10,4,0.9,0.9,0.005,0,20.0,100.0,0.01531,0.0,5.0,,
0,16x16,,2179,,10,4,0.9,0.9,0.005,0,20.0,100.0,0.00108,0.0,1.0,,
0,16x16,,2180,,10,4,0.9,0.9,0.005,0,20.0,100.0,0.00492,0.0,2.0,,
0,16x16,,2181,,10,4,0.9,0.9,0.005,0,20.0,100.0,0.00566,0.0,2.0,,
0,16x16,,2182,,10,4,0.9,0.9,0.005,0,20.0,100.0,0.09624,0.0,38.0,,
0,16x16,,2183,,10,4,0.9,0.9,0.005,0,20.0,100.0,0.00409,0.0,2.0,,
0,16x16,,2184,,10,4,0.9,0.9,0.005,0,20.0,100.0,0.00457,0.0,3.0,,
0,16x16,,2185,,10,4,0.9,0.9,0.005,0,20.0,100.0,0.0109,0.0,3.0,,
0,16x16,,2186,,10,4,0.9,0.9,0.005,0,20.0,100.0,9e-05,0.0,1.0,,
0,16x16,,2187,,10,4,0.9,0.9,0.005,0,20.0,100.0,0.01612,0.0,5.0,,
0,16x16,,2188,,10,4,0.9,0.9,0.005,0,20.0,100.0,0.00323,0.0,1.0,,
0,16x16,,2189,,10,4,0.9,0.9,0.005,0,20.0,100.0,0.00744,0.0,3.0,,
0,16x16,,2190,,10,4,0.9,0.9,0.005,0,20.0,100.0,0.00282,0.0,1.0,,
0,16x16,,2191,,10,4,0.9,0.9,0.005,0,20.0,100.0,0.0076,0.0,3.0,,
0,16x16,,2192,,10,4,0.9,0.9,0.005,0,20.0,100.0,0.00804,0.0,3.0,,
0,16x16,,2193,,10,4,0.9,0.9,0.005,0,20.0,100.0,0.00507,0.0,2.0,,
0,16x16,,2194,,10,4,0.9,0.9,0.005,0,20.0,100.0,0.15377,0.0,70.0,,
0,16x16,,2195,,10,4,0.9,0.9,0.005,0,20.0,100.0,2.13003,0.0,1176.0,,
0,16x16,,2196,,10,4,0.9,0.9,0.005,0,20.0,100.0,0.11428,0.0,53.0,,
0,16x16,,2197,,10,4,0.9,0.9,0.005,0,20.0,100.0,0.00496,0.0,2.0,,
0,16x16,,2198,,10,4,0.9,0.9,0.005,0,20.0,100.0,0.00241,0.0,1.0,,
0,16x16,,2199,,10,4,0.9,0.9,0.005,0,20.0,100.0,0.0062,0.0,2.0,,
0,16x16,,2200,,10,4,0.9,0.9,0.005,0,20.0,100.0,0.00423,0.0,2.0,,
0,16x16,,2201,,10,4,0.9,0.9,0.005,0,20.0,100.0,0.00432,0.0,2.0,,
0,16x16,,2202,,10,4,0.9,0.9,0.005,0,20.0,100.0,0.00169,0.0,1.0,,
0,16x16,,2203,,10,4,0.9,0.9,0.005,0,20.0,100.0,0.00451,0.0,2.0,,
0,16x16,,2204,,10,4,0.9,0.9,0.005,0,20.0,100.0,0.00509,0.0,2.0,,
0,16x16,,2205,,10,4,0.9,0.9,0.005,0,20.0,100.0,0.01024,0.0,4.0,,
0,16x16,,2206,,10,4,0.9,0.9,0.005,0,20.0,100.0,0.02881,0.0,15.0,,
0,16x16,,2207,,10,4,0.9,0.9,0.005,0,20.0,100.0,0.03313,0.0,14.0,,
0,16x16,,2208,,10,4,0.9,0.9,0.005,0,20.0,100.0,0.0027,0.0,2.0,,
0,16x16,,2209,,10,4,0.9,0.9,0.005,0,20.0,100.0,0.80834,0.0,334.0,,
0,16x16,,2210,,10,4,0.9,0.9,0.005,0,20.0,100.0,0.00846,0.0,3.0,,
0,16x16,,2211,,10,4,0.9,0.9,0.005,0,20.0,100.0,0.033,0.0,17.0,,
0,16x16,,2212,,10,4,0.9,0.9,0.005,0,20.0,100.0,0.1997,0.0,75.0,,
0,16x16,,2213,,10,4,0.9,0.9,0.005,0,20.0,100.0,0.0035,0.0,2.0,,
0,16x16,,2214,,10,4,0.9,0.9,0.005,0,20.0,100.0,0.03908,0.0,19.0,,
0,16x16,,2215,,10,4,0.9,0.9,0.005,0,20.0,100.0,0.0039,0.0,2.0,,
0,16x16,,2216,,10,4,0.9,0.9,0.005,0,20.0,100.0,0.00607,0.0,3.0,,
0,16x16,,2217,,10,4,0.9,0.9,0.005,0,20.0,100.0,0.00841,0.0,3.0,,
0,16x16,,2218,,10,4,0.9,0.9,0.005,0,20.0,100.0,0.00427,0.0,1.0,,
0,16x16,,2219,,10,4,0.9,0.9,0.005,0,20.0,100.0,0.00742,0.0,2.0,,
0,16x16,,2220,,10,4,0.9,0.9,0.005,0,20.0,100.0,0.00429,0.0,2.0,,
0,16x16,,2221,,10,4,0.9,0.9,0.005,0,20.0,100.0,0.0052,0.0,2.0,,
0,16x16,,2222,,10,4,0.9,0.9,0.005,0,20.0,100.0,0.00129,0.0,1.0,,
0,16x16,,2223,,10,4,0.9,0.9,0.005,0,20.0,100.0,0.00912,0.0,3.0,,
0,16x16,,2224,,10,4,0.9,0.9,0.005,0,20.0,100.0,0.00736,0.0,3.0,,
0,16x16,,2225,,10,4,0.9,0.9,0.005,0,20.0,100.0,0.00519,0.0,3.0,,
0,16x16,,2226,,10,4,0.9,0.9,0.005,0,20.0,100.0,0.0041,0.0,2.0,,
0,16x16,,2227,,10,4,0.9,0.9,0.005,0,20.0,100.0,0.00255,0.0,1.0,,
0,16x16,,2228,,10,4,0.9,0.9,0.005,0,20.0,100.0,0.01501,0.0,4.0,,
0,16x16,,2229,,10,4,0.9,0.9,0.005,0,20.0,100.0,0.00607,0.0,2.0,,
0,16x16,,2230,,10,4,0.9,0.9,0.005,0,20.0,100.0,0.01359,0.0,4.0,,
0,16x16,,2231,,10,4,0.9,0.9,0.005,0,20.0,100.0,0.0106,0.0,4.0,,
0,16x16,,2232,,10,4,0.9,0.9,0.005,0,20.0,100.0,0.01332,0.0,5.0,,
0,16x16,,2233,,10,4,0.9,0.9,0.005,0,20.0,100.0,0.55443,0.0,218.0,,
0,16x16,,2234,,10,4,0.9,0.9,0.005,0,20.0,100.0,0.05512,0.0,20.0,,
0,16x16,,2235,,10,4,0.9,0.9,0.005,0,20.0,100.0,0.00012,0.0,1.0,,
0,16x16,,2236,,10,4,0.9,0.9,0.005,0,20.0,100.0,0.0246,0.0,11.0,,
0,16x16,,2237,,10,4,0.9,0.9,0.005,0,20.0,100.0,0.66487,0.0,231.0,,
0,16x16,,2238,,10,4,0.9,0.9,0.005,0,20.0,100.0,0.00988,0.0,4.0,,
0,16x16,,2239,,10,4,0.9,0.9,0.005,0,20.0,100.0,0.01405,0.0,6.0,,
0,16x16,,2240,,10,4,0.9,0.9,0.005,0,20.0,100.0,0.00105,0.0,1.0,,
0,16x16,,2241,,10,4,0.9,0.9,0.005,0,20.0,100.0,0.0226,0.0,9.0,,
0,16x16,,2242,,10,4,0.9,0.9,0.005,0,20.0,100.0,0.00786,0.0,3.0,,
0,16x16,,2243,,10,4,0.9,0.9,0.005,0,20.0,100.0,0.04191,0.0,6.0,,
0,16x16,,2244,,10,4,0.9,0.9,0.005,0,20.0,100.0,0.02518,0.0,7.0,,
0,16x16,,2245,,10,4,0.9,0.9,0.005,0,20.0,100.0,0.00623,0.0,2.0,,
0,16x16,,2246,,10,4,0.9,0.9,0.005,0,20.0,100.0,0.01558,0.0,5.0,,
0,16x16,,2247,,10,4,0.9,0.9,0.005,0,20.0,100.0,0.00457,0.0,2.0,,
0,16x16,,2248,,10,4,0.9,0.9,0.005,0,20.0,100.0,0.00198,0.0,1.0,,
0,16x16,,2249,,10,4,0.9,0.9,0.005,0,20.0,100.0,0.16065,0.0,53.0,,
0,16x16,,2250,,10,4,0.9,0.9,0.005,0,20.0,100.0,0.00796,0.0,2.0,,
0,16x16,,2251,,10,4,0.9,0.9,0.005,0,20.0,100.0,0.00549,0.0,2.0,,
0,16x16,,2252,,10,4,0.9,0.9,0.005,0,20.0,100.0,0.00423,0.0,2.0,,
0,16x16,,2253,,10,4,0.9,0.9,0.005,0,20.0,100.0,0.00519,0.0,3.0,,
0,16x16,,2254,,10,4,0.9,0.9,0.005,0,20.0,100.0,0.00284,0.0,2.0,,
0,16x16,,2255,,10,4,0.9,0.9,0.005,0,20.0,100.0,0.24191,0.0,127.0,,
0,16x16,,2256,,10,4,0.9,0.9,0.005,0,20.0,100.0,0.31441,0.0,115.0,,
0,16x16,,2257,,10,4,0.9,0.9,0.005,0,20.0,100.0,0.04193,0.0,19.0,,
0,16x16,,2258,,10,4,0.9,0.9,0.005,0,20.0,100.0,0.07339,0.0,28.0,,
0,16x16,,2259,,10,4,0.9,0.9,0.005,0,20.0,100.0,0.00489,0.0,2.0,,
0,16x16,,2260,,10,4,0.9,0.9,0.005,0,20.0,100.0,0.00231,0.0,1.0,,
0,16x16,,2261,,10,4,0.9,0.9,0.005,0,20.0,100.0,0.00558,0.0,2.0,,
0,16x16,,2262,,10,4,0.9,0.9,0.005,0,20.0,100.0,0.0023,0.0,1.0,,
0,16x16,,2263,,10,4,0.9,0.9,0.005,0,20.0,100.0,0.00541,0.0,3.0,,
0,16x16,,2264,,10,4,0.9,0.9,0.005,0,20.0,100.0,0.00752,0.0,3.0,,
0,16x16,,2265,,10,4,0.9,0.9,0.005,0,20.0,100.0,0.02242,0.0,8.0,,
0,16x16,,2266,,10,4,0.9,0.9,0.005,0,20.0,100.0,0.00147,0.0,1.0,,
0,16x16,,2267,,10,4,0.9,0.9,0.005,0,20.0,100.0,0.0038,0.0,2.0,,
0,16x16,,2268,,10,4,0.9,0.9,0.005,0,20.0,100.0,0.00652,0.0,2.0,,
0,16x16,,2269,,10,4,0.9,0.9,0.005,0,20.0,100.0,0.00615,0.0,2.0,,
0,16x16,,2270,,10,4,0.9,0.9,0.005,0,20.0,100.0,0.0113,0.0,2.0,,
0,16x16,,2271,,10,4,0.9,0.9,0.005,0,20.0,100.0,0.00454,0.0,1.0,,
0,16x16,,2272,,10,4,0.9,0.9,0.005,0,20.0,100.0,0.00228,0.0,1.0,,
0,16x16,,2273,,10,4,0.9,0.9,0.005,0,20.0,100.0,0.04894,0.0,9.0,,
0,16x16,,2274,,10,4,0.9,0.9,0.005,0,20.0,100.0,0.0085,0.0,2.0,,
0,16x16,,2275,,10,4,0.9,0.9,0.005,0,20.0,100.0,0.01514,0.0,4.0,,
0,16x16,,2276,,10,4,0.9,0.9,0.005,0,20.0,100.0,0.00231,0.0,1.0,,
0,16x16,,2277,,10,4,0.9,0.9,0.005,0,20.0,100.0,0.00213,0.0,1.0,,
0,16x16,,2278,,10,4,0.9,0.9,0.005,0,20.0,100.0,0.00519,0.0,2.0,,
0,16x16,,2279,,10,4,0.9,0.9,0.005,0,20.0,100.0,0.01926,0.0,6.0,,
0,16x16,,2280,,10,4,0.9,0.9,0.005,0,20.0,100.0,0.00613,0.0,2.0,,
0,16x16,,2281,,10,4,0.9,0.9,0.005,0,20.0,100.0,0.06436,0.0,21.0,,
0,16x16,,2282,,10,4,0.9,0.9,0.005,0,20.0,100.0,0.01442,0.0,6.0,,
0,16x16,,2283,,10,4,0.9,0.9,0.005,0,20.0,100.0,0.31942,0.0,129.0,,
0,16x16,,2284,,10,4,0.9,0.9,0.005,0,20.0,100.0,0.00392,0.0,2.0,,
0,16x16,,2285,,10,4,0.9,0.9,0.005,0,20.0,100.0,0.0051,0.0,2.0,,
0,16x16,,2286,,10,4,0.9,0.9,0.005,0,20.0,100.0,0.00264,0.0,1.0,,
0,16x16,,2287,,10,4,0.9,0.9,0.005,0,20.0,100.0,0.00716,0.0,3.0,,
0,16x16,,2288,,10,4,0.9,0.9,0.005,0,20.0,100.0,0.00841,0.0,2.0,,
0,16x16,,2289,,10,4,0.9,0.9,0.005,0,20.0,100.0,0.00458,0.0,2.0,,
0,16x16,,2290,,10,4,0.9,0.9,0.005,0,20.0,100.0,0.00302,0.0,1.0,,
0,16x16,,2291,,10,4,0.9,0.9,0.005,0,20.0,100.0,0.02779,0.0,11.0,,
0,16x16,,2292,,10,4,0.9,0.9,0.005,0,20.0,100.0,2.88877,0.0,1112.0,,
0,16x16,,2293,,10,4,0.9,0.9,0.005,0,20.0,100.0,0.0069,0.0,3.0,,
0,16x16,,2294,,10,4,0.9,0.9,0.005,0,20.0,100.0,0.00647,0.0,2.0,,
0,16x16,,2295,,10,4,0.9,0.9,0.005,0,20.0,100.0,0.00528,0.0,2.0,,
0,16x16,,2296,,10,4,0.9,0.9,0.005,0,20.0,100.0,8e-05,0.0,1.0,,
0,16x16,,2297,,10,4,0.9,0.9,0.005,0,20.0,100.0,0.02463,0.0,9.0,,
0,16x16,,2298,,10,4,0.9,0.9,0.005,0,20.0,100.0,0.01322,0.0,5.0,,
0,16x16,,2299,,10,4,0.9,0.9,0.005,0,20.0,100.0,0.04478,0.0,16.0,,
0,16x16,,2300,,10,4,0.9,0.9,0.005,0,20.0,100.0,0.01607,0.0,7.0,,
0,16x16,,2301,,10,4,0.9,0.9,0.005,0,20.0,100.0,0.00066,0.0,1.0,,
0,16x16,,2302,,10,4,0.9,0.9,0.005,0,20.0,100.0,0.00369,0.0,2.0,,
0,16x16,,2303,,10,4,0.9,0.9,0.005,0,20.0,100.0,0.00503,0.0,2.0,,
0,16x16,,2304,,10,4,0.9,0.9,0.005,0,20.0,100.0,0.00152,0.0,1.0,,
0,16x16,,2305,,10,4,0.9,0.9,0.005,0,20.0,100.0,0.00433,0.0,2.0,,
0,16x16,,2306,,10,4,0.9,0.9,0.005,0,20.0,100.0,0.00137,0.0,1.0,,
0,16x16,,2307,,10,4,0.9,0.9,0.005,0,20.0,100.0,0.00665,0.0,2.0,,
0,16x16,,2308,,10,4,0.9,0.9,0.005,0,20.0,100.0,0.53068,0.0,166.0,,
0,16x16,,2309,,10,4,0.9,0.9,0.005,0,20.0,100.0,0.00746,0.0,4.0,,
0,16x16,,2310,,10,4,0.9,0.9,0.005,0,20.0,100.0,0.00336,0.0,3.0,,
0,16x16,,2311,,10,4,0.9,0.9,0.005,0,20.0,100.0,0.00628,0.0,2.0,,
0,16x16,,2312,,10,4,0.9,0.9,0.005,0,20.0,100.0,0.01355,0.0,5.0,,
0,16x16,,2313,,10,4,0.9,0.9,0.005,0,20.0,100.0,0.00388,0.0,2.0,,
0,16x16,,2314,,10,4,0.9,0.9,0.005,0,20.0,100.0,0.00684,0.0,2.0,,
0,16x16,,2315,,10,4,0.9,0.9,0.005,0,20.0,100.0,8e-05,0.0,1.0,,
0,16x16,,2316,,10,4,0.9,0.9,0.005,0,20.0,100.0,0.01355,0.0,6.0,,
0,16x16,,2317,,10,4,0.9,0.9,0.005,0,20.0,100.0,0.00175,0.0,1.0,,
0,16x16,,2318,,10,4,0.9,0.9,0.005,0,20.0,100.0,0.01238,0.0,4.0,,
0,16x16,,2319,,10,4,0.9,0.9,0.005,0,20.0,100.0,0.00872,0.0,3.0,,
0,16x16,,2320,,10,4,0.9,0.9,0.005,0,20.0,100.0,0.70455,0.0,230.0,,
0,16x16,,2321,,10,4,0.9,0.9,0.005,0,20.0,100.0,0.0054,0.0,2.0,,
0,16x16,,2322,,10,4,0.9,0.9,0.005,0,20.0,100.0,0.01534,0.0,5.0,,
0,16x16,,2323,,10,4,0.9,0.9,0.005,0,20.0,100.0,0.00876,0.0,3.0,,
0,16x16,,2324,,10,4,0.9,0.9,0.005,0,20.0,100.0,0.17287,0.0,57.0,,
0,16x16,,2325,,10,4,0.9,0.9,0.005,0,20.0,100.0,0.00146,0.0,1.0,,
0,16x16,,2326,,10,4,0.9,0.9,0.005,0,20.0,100.0,0.00919,0.0,3.0,,
0,16x16,,2327,,10,4,0.9,0.9,0.005,0,20.0,100.0,0.00698,0.0,3.0,,
0,16x16,,2328,,10,4,0.9,0.9,0.005,0,20.0,100.0,0.01351,0.0,4.0,,
0,16x16,,2329,,10,4,0.9,0.9,0.005,0,20.0,100.0,0.00279,0.0,1.0,,
0,16x16,,2330,,10,4,0.9,0.9,0.005,0,20.0,100.0,0.00555,0.0,2.0,,
0,16x16,,2331,,10,4,0.9,0.9,0.005,0,20.0,100.0,0.00967,0.0,4.0,,
0,16x16,,2332,,10,4,0.9,0.9,0.005,0,20.0,100.0,0.01034,0.0,4.0,,
0,16x16,,2333,,10,4,0.9,0.9,0.005,0,20.0,100.0,0.00552,0.0,2.0,,
0,16x16,,2334,,10,4,0.9,0.9,0.005,0,20.0,100.0,0.0074,0.0,2.0,,
0,16x16,,2335,,10,4,0.9,0.9,0.005,0,20.0,100.0,0.00609,0.0,2.0,,
0,16x16,,2336,,10,4,0.9,0.9,0.005,0,20.0,100.0,0.00662,0.0,2.0,,
0,16x16,,2337,,10,4,0.9,0.9,0.005,0,20.0,100.0,0.00594,0.0,3.0,,
0,16x16,,2338,,10,4,0.9,0.9,0.005,0,20.0,100.0,0.00537,0.0,2.0,,
0,16x16,,2339,,10,4,0.9,0.9,0.005,0,20.0,100.0,0.00772,0.0,2.0,,
0,16x16,,2340,,10,4,0.9,0.9,0.005,0,20.0,100.0,0.00943,0.0,3.0,,
0,16x16,,2341,,10,4,0.9,0.9,0.005,0,20.0,100.0,0.00936,0.0,2.0,,
0,16x16,,2342,,10,4,0.9,0.9,0.005,0,20.0,100.0,0.00336,0.0,1.0,,
0,16x16,,2343,,10,4,0.9,0.9,0.005,0,20.0,100.0,2.88744,0.0,1035.0,,
0,16x16,,2344,,10,4,0.9,0.9,0.005,0,20.0,100.0,0.1318,0.0,43.0,,
0,16x16,,2345,,10,4,0.9,0.9,0.005,0,20.0,100.0,0.00158,0.0,1.0,,
0,16x16,,2346,,10,4,0.9,0.9,0.005,0,20.0,100.0,0.00697,0.0,5.0,,
0,16x16,,2347,,10,4,0.9,0.9,0.005,0,20.0,100.0,0.0032,0.0,1.0,,
0,16x16,,2348,,10,4,0.9,0.9,0.005,0,20.0,100.0,0.00501,0.0,2.0,,
0,16x16,,2349,,10,4,0.9,0.9,0.005,0,20.0,100.0,0.00947,0.0,3.0,,
0,16x16,,2350,,10,4,0.9,0.9,0.005,0,20.0,100.0,0.01123,0.0,5.0,,
0,16x16,,2351,,10,4,0.9,0.9,0.005,0,20.0,100.0,0.00313,0.0,2.0,,
0,16x16,,2352,,10,4,0.9,0.9,0.005,0,20.0,100.0,0.00553,0.0,2.0,,
0,16x16,,2353,,10,4,0.9,0.9,0.005,0,20.0,100.0,0.00538,0.0,2.0,,
0,16x16,,2354,,10,4,0.9,0.9,0.005,0,20.0,100.0,0.10516,0.0,33.0,,
0,16x16,,2355,,10,4,0.9,0.9,0.005,0,20.0,100.0,0.00482,0.0,2.0,,
0,16x16,,2356,,10,4,0.9,0.9,0.005,0,20.0,100.0,0.00624,0.0,2.0,,
0,16x16,,2357,,10,4,0.9,0.9,0.005,0,20.0,100.0,0.30721,0.0,104.0,,
0,16x16,,2358,,10,4,0.9,0.9,0.005,0,20.0,100.0,0.00012,0.0,1.0,,
0,16x16,,2359,,10,4,0.9,0.9,0.005,0,20.0,100.0,0.00086,0.0,1.0,,
0,16x16,,2360,,10,4,0.9,0.9,0.005,0,20.0,100.0,0.00098,0.0,1.0,,
0,16x16,,2361,,10,4,0.9,0.9,0.005,0,20.0,100.0,0.01279,0.0,4.0,,
0,16x16,,2362,,10,4,0.9,0.9,0.005,0,20.0,100.0,0.00137,0.0,1.0,,
0,16x16,,2363,,10,4,0.9,0.9,0.005,0,20.0,100.0,0.02017,0.0,7.0,,
0,16x16,,2364,,10,4,0.9,0.9,0.005,0,20.0,100.0,0.5564,0.0,217.0,,
0,16x16,,2365,,10,4,0.9,0.9,0.005,0,20.0,100.0,0.00659,0.0,4.0,,
0,16x16,,2366,,10,4,0.9,0.9,0.005,0,20.0,100.0,0.00146,0.0,1.0,,
0,16x16,,2367,,10,4,0.9,0.9,0.005,0,20.0,100.0,0.01062,0.0,4.0,,
0,16x16,,2368,,10,4,0.9,0.9,0.005,0,20.0,100.0,0.00159,0.0,1.0,,
0,16x16,,2369,,10,4,0.9,0.9,0.005,0,20.0,100.0,0.00011,0.0,1.0,,
0,16x16,,2370,,10,4,0.9,0.9,0.005,0,20.0,100.0,0.00485,0.0,2.0,,
0,16x16,,2371,,10,4,0.9,0.9,0.005,0,20.0,100.0,1.19756,0.0,504.0,,
0,16x16,,2372,,10,4,0.9,0.9,0.005,0,20.0,100.0,0.00547,0.0,2.0,,
0,16x16,,2373,,10,4,0.9,0.9,0.005,0,20.0,100.0,0.00532,0.0,2.0,,
0,16x16,,2374,,10,4,0.9,0.9,0.005,0,20.0,100.0,0.0052,0.0,2.0,,
0,16x16,,2375,,10,4,0.9,0.9,0.005,0,20.0,100.0,0.00567,0.0,3.0,,
0,16x16,,2376,,10,4,0.9,0.9,0.005,0,20.0,100.0,0.00142,0.0,1.0,,
0,16x16,,2377,,10,4,0.9,0.9,0.005,0,20.0,100.0,0.0035,0.0,1.0,,
0,16x16,,2378,,10,4,0.9,0.9,0.005,0,20.0,100.0,0.00119,0.0,1.0,,
0,16x16,,2379,,10,4,0.9,0.9,0.005,0,20.0,100.0,0.01242,0.0,5.0,,
0,16x16,,2380,,10,4,0.9,0.9,0.005,0,20.0,100.0,0.0058,0.0,3.0,,
0,16x16,,2381,,10,4,0.9,0.9,0.005,0,20.0,100.0,0.00011,0.0,1.0,,
0,16x16,,2382,,10,4,0.9,0.9,0.005,0,20.0,100.0,0.0039,0.0,2.0,,
0,16x16,,2383,,10,4,0.9,0.9,0.005,0,20.0,100.0,0.00844,0.0,3.0,,
0,16x16,,2384,,10,4,0.9,0.9,0.005,0,20.0,100.0,0.0049,0.0,2.0,,
0,16x16,,2385,,10,4,0.9,0.9,0.005,0,20.0,100.0,0.00838,0.0,4.0,,
0,16x16,,2386,,10,4,0.9,0.9,0.005,0,20.0,100.0,0.00311,0.0,1.0,,
0,16x16,,2387,,10,4,0.9,0.9,0.005,0,20.0,100.0,0.00156,0.0,1.0,,
0,16x16,,2388,,10,4,0.9,0.9,0.005,0,20.0,100.0,3.34559,0.0,1771.0,,
0,16x16,,2389,,10,4,0.9,0.9,0.005,0,20.0,100.0,0.00221,0.0,1.0,,
0,16x16,,2390,,10,4,0.9,0.9,0.005,0,20.0,0.0,0.0,0.0,0.0,,
0,16x16,,2391,,10,4,0.9,0.9,0.005,0,20.0,100.0,0.00427,0.0,2.0,,
0,16x16,,2392,,10,4,0.9,0.9,0.005,0,20.0,100.0,0.00692,0.0,2.0,,
0,16x16,,2393,,10,4,0.9,0.9,0.005,0,20.0,100.0,0.00223,0.0,1.0,,
0,16x16,,2394,,10,4,0.9,0.9,0.005,0,20.0,100.0,0.00227,0.0,1.0,,
0,16x16,,2395,,10,4,0.9,0.9,0.005,0,20.0,100.0,0.03118,0.0,11.0,,
0,16x16,,2396,,10,4,0.9,0.9,0.005,0,20.0,100.0,0.0005,0.0,1.0,,
0,16x16,,2397,,10,4,0.9,0.9,0.005,0,20.0,100.0,0.04623,0.0,19.0,,
0,16x16,,2398,,10,4,0.9,0.9,0.005,0,20.0,100.0,0.0005,0.0,1.0,,
0,16x16,,2399,,10,4,0.9,0.9,0.005,0,20.0,100.0,0.00166,0.0,1.0,,
0,16x16,,2400,,10,4,0.9,0.9,0.005,0,20.0,100.0,0.00066,0.0,1.0,,
0,16x16,,2401,,10,4,0.9,0.9,0.005,0,20.0,100.0,0.00238,0.0,1.0,,
0,16x16,,2402,,10,4,0.9,0.9,0.005,0,20.0,100.0,0.00233,0.0,1.0,,
0,16x16,,2403,,10,4,0.9,0.9,0.005,0,20.0,100.0,0.00768,0.0,3.0,,
0,16x16,,2404,,10,4,0.9,0.9,0.005,0,20.0,100.0,0.00086,0.0,1.0,,
0,16x16,,2405,,10,4,0.9,0.9,0.005,0,20.0,100.0,0.16363,0.0,58.0,,
0,16x16,,2406,,10,4,0.9,0.9,0.005,0,20.0,100.0,0.00208,0.0,1.0,,
0,16x16,,2407,,10,4,0.9,0.9,0.005,0,20.0,100.0,0.0017,0.0,1.0,,
0,16x16,,2408,,10,4,0.9,0.9,0.005,0,20.0,100.0,0.0051,0.0,2.0,,
0,16x16,,2409,,10,4,0.9,0.9,0.005,0,20.0,100.0,0.00946,0.0,3.0,,
0,16x16,,2410,,10,4,0.9,0.9,0.005,0,20.0,100.0,0.00824,0.0,3.0,,
0,16x16,,2411,,10,4,0.9,0.9,0.005,0,20.0,100.0,0.00868,0.0,3.0,,
0,16x16,,2412,,10,4,0.9,0.9,0.005,0,20.0,100.0,0.00118,0.0,1.0,,
0,16x16,,2413,,10,4,0.9,0.9,0.005,0,20.0,100.0,0.00644,0.0,2.0,,
0,16x16,,2414,,10,4,0.9,0.9,0.005,0,20.0,100.0,0.01836,0.0,9.0,,
0,16x16,,2415,,10,4,0.9,0.9,0.005,0,20.0,100.0,0.00866,0.0,5.0,,
0,16x16,,2416,,10,4,0.9,0.9,0.005,0,20.0,100.0,0.00446,0.0,2.0,,
0,16x16,,2417,,10,4,0.9,0.9,0.005,0,20.0,100.0,0.00273,0.0,1.0,,
0,16x16,,2418,,10,4,0.9,0.9,0.005,0,20.0,100.0,0.01637,0.0,6.0,,
0,16x16,,2419,,10,4,0.9,0.9,0.005,0,20.0,100.0,0.00414,0.0,2.0,,
0,16x16,,2420,,10,4,0.9,0.9,0.005,0,20.0,100.0,0.00326,0.0,1.0,,
0,16x16,,2421,,10,4,0.9,0.9,0.005,0,20.0,100.0,0.00273,0.0,1.0,,
0,16x16,,2422,,10,4,0.9,0.9,0.005,0,20.0,100.0,0.00337,0.0,2.0,,
0,16x16,,2423,,10,4,0.9,0.9,0.005,0,20.0,100.0,0.01655,0.0,6.0,,
0,16x16,,2424,,10,4,0.9,0.9,0.005,0,20.0,100.0,0.00713,0.0,4.0,,
0,16x16,,2425,,10,4,0.9,0.9,0.005,0,20.0,100.0,8e-05,0.0,1.0,,
0,16x16,,2426,,10,4,0.9,0.9,0.005,0,20.0,100.0,0.01163,0.0,4.0,,
0,16x16,,2427,,10,4,0.9,0.9,0.005,0,20.0,100.0,0.00141,0.0,1.0,,
0,16x16,,2428,,10,4,0.9,0.9,0.005,0,20.0,100.0,0.00271,0.0,2.0,,
0,16x16,,2429,,10,4,0.9,0.9,0.005,0,20.0,100.0,0.00989,0.0,3.0,,
0,16x16,,2430,,10,4,0.9,0.9,0.005,0,20.0,100.0,0.0078,0.0,3.0,,
0,16x16,,2431,,10,4,0.9,0.9,0.005,0,20.0,100.0,0.00525,0.0,2.0,,
0,16x16,,2432,,10,4,0.9,0.9,0.005,0,20.0,100.0,0.01697,0.0,8.0,,
0,16x16,,2433,,10,4,0.9,0.9,0.005,0,20.0,100.0,0.00483,0.0,2.0,,
0,16x16,,2434,,10,4,0.9,0.9,0.005,0,20.0,100.0,8e-05,0.0,1.0,,
0,16x16,,2435,,10,4,0.9,0.9,0.005,0,20.0,100.0,0.10713,0.0,34.0,,
0,16x16,,2436,,10,4,0.9,0.9,0.005,0,20.0,100.0,0.01119,0.0,5.0,,
0,16x16,,2437,,10,4,0.9,0.9,0.005,0,20.0,100.0,0.00183,0.0,1.0,,
0,16x16,,2438,,10,4,0.9,0.9,0.005,0,20.0,100.0,0.15221,0.0,68.0,,
0,16x16,,2439,,10,4,0.9,0.9,0.005,0,20.0,100.0,0.02131,0.0,6.0,,
0,16x16,,2440,,10,4,0.9,0.9,0.005,0,20.0,100.0,0.0068,0.0,3.0,,
0,16x16,,2441,,10,4,0.9,0.9,0.005,0,20.0,100.0,0.00514,0.0,2.0,,
0,16x16,,2442,,10,4,0.9,0.9,0.005,0,20.0,100.0,0.00641,0.0,3.0,,
0,16x16,,2443,,10,4,0.9,0.9,0.005,0,20.0,100.0,0.01025,0.0,4.0,,
0,16x16,,2444,,10,4,0.9,0.9,0.005,0,20.0,100.0,0.00181,0.0,1.0,,
0,16x16,,2445,,10,4,0.9,0.9,0.005,0,20.0,100.0,0.00195,0.0,1.0,,
0,16x16,,2446,,10,4,0.9,0.9,0.005,0,20.0,100.0,0.007,0.0,2.0,,
0,16x16,,2447,,10,4,0.9,0.9,0.005,0,20.0,100.0,0.00032,0.0,1.0,,
0,16x16,,2448,,10,4,0.9,0.9,0.005,0,20.0,100.0,1.96145,0.0,823.0,,
0,16x16,,2449,,10,4,0.9,0.9,0.005,0,20.0,100.0,0.01698,0.0,5.0,,
0,16x16,,2450,,10,4,0.9,0.9,0.005,0,20.0,100.0,0.00677,0.0,3.0,,
0,16x16,,2451,,10,4,0.9,0.9,0.005,0,20.0,100.0,0.07022,0.0,34.0,,
0,16x16,,2452,,10,4,0.9,0.9,0.005,0,20.0,100.0,0.01468,0.0,6.0,,
0,16x16,,2453,,10,4,0.9,0.9,0.005,0,20.0,100.0,0.00559,0.0,2.0,,
0,16x16,,2454,,10,4,0.9,0.9,0.005,0,20.0,0.0,0.0,0.0,0.0,,
0,16x16,,2455,,10,4,0.9,0.9,0.005,0,20.0,100.0,0.01129,0.0,3.0,,
0,16x16,,2456,,10,4,0.9,0.9,0.005,0,20.0,100.0,0.0049,0.0,2.0,,
0,16x16,,2457,,10,4,0.9,0.9,0.005,0,20.0,100.0,0.00235,0.0,1.0,,
0,16x16,,2458,,10,4,0.9,0.9,0.005,0,20.0,100.0,0.00018,0.0,1.0,,
0,16x16,,2459,,10,4,0.9,0.9,0.005,0,20.0,100.0,0.07814,0.0,28.0,,
0,16x16,,2460,,10,4,0.9,0.9,0.005,0,20.0,100.0,0.00786,0.0,3.0,,
0,16x16,,2461,,10,4,0.9,0.9,0.005,0,20.0,100.0,0.02966,0.0,10.0,,
0,16x16,,2462,,10,4,0.9,0.9,0.005,0,20.0,100.0,0.02069,0.0,9.0,,
0,16x16,,2463,,10,4,0.9,0.9,0.005,0,20.0,100.0,0.12323,0.0,52.0,,
0,16x16,,2464,,10,4,0.9,0.9,0.005,0,20.0,100.0,0.00837,0.0,3.0,,
0,16x16,,2465,,10,4,0.9,0.9,0.005,0,20.0,100.0,0.00842,0.0,7.0,,
0,16x16,,2466,,10,4,0.9,0.9,0.005,0,20.0,100.0,0.00637,0.0,2.0,,
0,16x16,,2467,,10,4,0.9,0.9,0.005,0,20.0,100.0,0.00567,0.0,3.0,,
0,16x16,,2468,,10,4,0.9,0.9,0.005,0,20.0,100.0,0.01012,0.0,3.0,,
0,16x16,,2469,,10,4,0.9,0.9,0.005,0,20.0,100.0,0.00573,0.0,2.0,,
0,16x16,,2470,,10,4,0.9,0.9,0.005,0,20.0,100.0,0.00523,0.0,2.0,,
0,16x16,,2471,,10,4,0.9,0.9,0.005,0,20.0,100.0,0.01166,0.0,5.0,,
0,16x16,,2472,,10,4,0.9,0.9,0.005,0,20.0,100.0,0.00854,0.0,2.0,,
0,16x16,,2473,,10,4,0.9,0.9,0.005,0,20.0,100.0,0.01474,0.0,6.0,,
0,16x16,,2474,,10,4,0.9,0.9,0.005,0,20.0,100.0,0.00768,0.0,2.0,,
0,16x16,,2475,,10,4,0.9,0.9,0.005,0,20.0,100.0,0.0094,0.0,3.0,,
0,16x16,,2476,,10,4,0.9,0.9,0.005,0,20.0,100.0,0.0114,0.0,5.0,,
0,16x16,,2477,,10,4,0.9,0.9,0.005,0,20.0,100.0,0.00429,0.0,2.0,,
0,16x16,,2478,,10,4,0.9,0.9,0.005,0,20.0,100.0,0.00909,0.0,3.0,,
0,16x16,,2479,,10,4,0.9,0.9,0.005,0,20.0,100.0,0.00374,0.0,2.0,,
0,16x16,,2480,,10,4,0.9,0.9,0.005,0,20.0,100.0,0.00346,0.0,1.0,,
0,16x16,,2481,,10,4,0.9,0.9,0.005,0,20.0,100.0,0.025,0.0,9.0,,
0,16x16,,2482,,10,4,0.9,0.9,0.005,0,20.0,100.0,0.08899,0.0,21.0,,
0,16x16,,2483,,10,4,0.9,0.9,0.005,0,20.0,100.0,0.02764,0.0,12.0,,
0,16x16,,2484,,10,4,0.9,0.9,0.005,0,20.0,100.0,0.00851,0.0,4.0,,
0,16x16,,2485,,10,4,0.9,0.9,0.005,0,20.0,100.0,0.00402,0.0,2.0,,
0,16x16,,2486,,10,4,0.9,0.9,0.005,0,20.0,100.0,0.00014,0.0,1.0,,
0,16x16,,2487,,10,4,0.9,0.9,0.005,0,20.0,100.0,0.0493,0.0,16.0,,
0,16x16,,2488,,10,4,0.9,0.9,0.005,0,20.0,100.0,0.00268,0.0,1.0,,
0,16x16,,2489,,10,4,0.9,0.9,0.005,0,20.0,100.0,0.00461,0.0,2.0,,
0,16x16,,2490,,10,4,0.9,0.9,0.005,0,20.0,100.0,0.00169,0.0,1.0,,
0,16x16,,2491,,10,4,0.9,0.9,0.005,0,20.0,100.0,0.01576,0.0,7.0,,
0,16x16,,2492,,10,4,0.9,0.9,0.005,0,20.0,100.0,0.00129,0.0,1.0,,
0,16x16,,2493,,10,4,0.9,0.9,0.005,0,20.0,100.0,0.01102,0.0,4.0,,
0,16x16,,2494,,10,4,0.9,0.9,0.005,0,20.0,100.0,0.07014,0.0,28.0,,
0,16x16,,2495,,10,4,0.9,0.9,0.005,0,20.0,100.0,0.10703,0.0,49.0,,
0,16x16,,2496,,10,4,0.9,0.9,0.005,0,20.0,100.0,0.01042,0.0,3.0,,
0,16x16,,2497,,10,4,0.9,0.9,0.005,0,20.0,100.0,9e-05,0.0,1.0,,
0,16x16,,2498,,10,4,0.9,0.9,0.005,0,20.0,100.0,1.40016,0.0,504.0,,
0,16x16,,2499,,10,4,0.9,0.9,0.005,0,20.0,100.0,0.00644,0.0,2.0,,
0,16x16,,2500,,10,4,0.9,0.9,0.005,0,20.0,100.0,0.00211,0.0,1.0,,
0,16x16,,2501,,10,4,0.9,0.9,0.005,0,20.0,100.0,0.00016,0.0,1.0,,
0,16x16,,2502,,10,4,0.9,0.9,0.005,0,20.0,100.0,0.01304,0.0,6.0,,
0,16x16,,2503,,10,4,0.9,0.9,0.005,0,20.0,100.0,0.00448,0.0,2.0,,
0,16x16,,2504,,10,4,0.9,0.9,0.005,0,20.0,100.0,0.04959,0.0,25.0,,
0,16x16,,2505,,10,4,0.9,0.9,0.005,0,20.0,100.0,0.00118,0.0,1.0,,
0,16x16,,2506,,10,4,0.9,0.9,0.005,0,20.0,100.0,0.00515,0.0,2.0,,
0,16x16,,2507,,10,4,0.9,0.9,0.005,0,20.0,100.0,0.17881,0.0,71.0,,
0,16x16,,2508,,10,4,0.9,0.9,0.005,0,20.0,100.0,0.00508,0.0,3.0,,
0,16x16,,2509,,10,4,0.9,0.9,0.005,0,20.0,100.0,0.07014,0.0,25.0,,
0,16x16,,2510,,10,4,0.9,0.9,0.005,0,20.0,100.0,0.04235,0.0,13.0,,
0,16x16,,2511,,10,4,0.9,0.9,0.005,0,20.0,100.0,0.008,0.0,3.0,,
0,16x16,,2512,,10,4,0.9,0.9,0.005,0,20.0,100.0,0.006,0.0,2.0,,
0,16x16,,2513,,10,4,0.9,0.9,0.005,0,20.0,100.0,0.0143,0.0,5.0,,
0,16x16,,2514,,10,4,0.9,0.9,0.005,0,20.0,100.0,0.26081,0.0,99.0,,
0,16x16,,2515,,10,4,0.9,0.9,0.005,0,20.0,100.0,0.06479,0.0,23.0,,
0,16x16,,2516,,10,4,0.9,0.9,0.005,0,20.0,100.0,0.00958,0.0,4.0,,
0,16x16,,2517,,10,4,0.9,0.9,0.005,0,20.0,100.0,0.00413,0.0,2.0,,
0,16x16,,2518,,10,4,0.9,0.9,0.005,0,20.0,100.0,0.30112,0.0,119.0,,
0,16x16,,2519,,10,4,0.9,0.9,0.005,0,20.0,100.0,0.00222,0.0,1.0,,
0,16x16,,2520,,10,4,0.9,0.9,0.005,0,20.0,100.0,0.00332,0.0,2.0,,
0,16x16,,2521,,10,4,0.9,0.9,0.005,0,20.0,100.0,0.01701,0.0,6.0,,
0,16x16,,2522,,10,4,0.9,0.9,0.005,0,20.0,100.0,0.30438,0.0,94.0,,
0,16x16,,2523,,10,4,0.9,0.9,0.005,0,20.0,100.0,0.00728,0.0,3.0,,
0,16x16,,2524,,10,4,0.9,0.9,0.005,0,20.0,100.0,0.00013,0.0,1.0,,
0,16x16,,2525,,10,4,0.9,0.9,0.005,0,20.0,100.0,16.17362,0.0,5912.0,,
0,16x16,,2526,,10,4,0.9,0.9,0.005,0,20.0,100.0,0.00548,0.0,2.0,,
0,16x16,,2527,,10,4,0.9,0.9,0.005,0,20.0,100.0,0.00314,0.0,2.0,,
0,16x16,,2528,,10,4,0.9,0.9,0.005,0,20.0,100.0,0.01564,0.0,6.0,,
0,16x16,,2529,,10,4,0.9,0.9,0.005,0,20.0,100.0,0.00419,0.0,2.0,,
0,16x16,,2530,,10,4,0.9,0.9,0.005,0,20.0,100.0,0.10341,0.0,61.0,,
0,16x16,,2531,,10,4,0.9,0.9,0.005,0,20.0,100.0,0.00501,0.0,2.0,,
0,16x16,,2532,,10,4,0.9,0.9,0.005,0,20.0,100.0,0.00548,0.0,2.0,,
0,16x16,,2533,,10,4,0.9,0.9,0.005,0,20.0,100.0,0.00228,0.0,1.0,,
0,16x16,,2534,,10,4,0.9,0.9,0.005,0,20.0,100.0,0.00679,0.0,3.0,,
0,16x16,,2535,,10,4,0.9,0.9,0.005,0,20.0,100.0,0.01291,0.0,4.0,,
0,16x16,,2536,,10,4,0.9,0.9,0.005,0,20.0,100.0,0.01775,0.0,6.0,,
0,16x16,,2537,,10,4,0.9,0.9,0.005,0,20.0,100.0,0.01232,0.0,5.0,,
0,16x16,,2538,,10,4,0.9,0.9,0.005,0,20.0,100.0,0.00341,0.0,1.0,,
0,16x16,,2539,,10,4,0.9,0.9,0.005,0,20.0,100.0,0.01074,0.0,4.0,,
0,16x16,,2540,,10,4,0.9,0.9,0.005,0,20.0,100.0,0.0001,0.0,1.0,,
0,16x16,,2541,,10,4,0.9,0.9,0.005,0,20.0,100.0,0.00632,0.0,3.0,,
0,16x16,,2542,,10,4,0.9,0.9,0.005,0,20.0,100.0,8e-05,0.0,1.0,,
0,16x16,,2543,,10,4,0.9,0.9,0.005,0,20.0,100.0,0.00748,0.0,4.0,,
0,16x16,,2544,,10,4,0.9,0.9,0.005,0,20.0,100.0,0.02712,0.0,7.0,,
0,16x16,,2545,,10,4,0.9,0.9,0.005,0,20.0,100.0,0.00463,0.0,2.0,,
0,16x16,,2546,,10,4,0.9,0.9,0.005,0,20.0,100.0,0.00626,0.0,2.0,,
0,16x16,,2547,,10,4,0.9,0.9,0.005,0,20.0,100.0,0.00764,0.0,3.0,,
0,16x16,,2548,,10,4,0.9,0.9,0.005,0,20.0,100.0,0.07364,0.0,26.0,,
0,16x16,,2549,,10,4,0.9,0.9,0.005,0,20.0,100.0,0.00701,0.0,3.0,,
0,16x16,,2550,,10,4,0.9,0.9,0.005,0,20.0,100.0,0.00184,0.0,1.0,,
0,16x16,,2551,,10,4,0.9,0.9,0.005,0,20.0,100.0,0.00432,0.0,2.0,,
0,16x16,,2552,,10,4,0.9,0.9,0.005,0,20.0,100.0,0.0081,0.0,3.0,,
0,16x16,,2553,,10,4,0.9,0.9,0.005,0,20.0,100.0,0.00158,0.0,1.0,,
0,16x16,,2554,,10,4,0.9,0.9,0.005,0,20.0,100.0,0.03303,0.0,11.0,,
0,16x16,,2555,,10,4,0.9,0.9,0.005,0,20.0,100.0,0.01046,0.0,4.0,,
0,16x16,,2556,,10,4,0.9,0.9,0.005,0,20.0,100.0,0.01283,0.0,5.0,,
0,16x16,,2557,,10,4,0.9,0.9,0.005,0,20.0,100.0,0.00239,0.0,1.0,,
0,16x16,,2558,,10,4,0.9,0.9,0.005,0,20.0,100.0,0.58203,0.0,299.0,,
0,16x16,,2559,,10,4,0.9,0.9,0.005,0,20.0,100.0,0.00386,0.0,2.0,,
0,16x16,,2560,,10,4,0.9,0.9,0.005,0,20.0,100.0,0.04025,0.0,15.0,,
0,16x16,,2561,,10,4,0.9,0.9,0.005,0,20.0,100.0,0.69775,0.0,283.0,,
0,16x16,,2562,,10,4,0.9,0.9,0.005,0,20.0,100.0,0.00206,0.0,1.0,,
0,16x16,,2563,,10,4,0.9,0.9,0.005,0,20.0,100.0,0.01173,0.0,4.0,,
0,16x16,,2564,,10,4,0.9,0.9,0.005,0,20.0,100.0,0.00603,0.0,2.0,,
0,16x16,,2565,,10,4,0.9,0.9,0.005,0,20.0,100.0,0.01461,0.0,5.0,,
0,16x16,,2566,,10,4,0.9,0.9,0.005,0,20.0,100.0,0.00571,0.0,2.0,,
0,16x16,,2567,,10,4,0.9,0.9,0.005,0,20.0,100.0,0.09876,0.0,34.0,,
0,16x16,,2568,,10,4,0.9,0.9,0.005,0,20.0,100.0,0.00459,0.0,2.0,,
0,16x16,,2569,,10,4,0.9,0.9,0.005,0,20.0,100.0,0.01375,0.0,4.0,,
0,16x16,,2570,,10,4,0.9,0.9,0.005,0,20.0,100.0,0.00782,0.0,3.0,,
0,16x16,,2571,,10,4,0.9,0.9,0.005,0,20.0,0.0,0.0,0.0,0.0,,
0,16x16,,2572,,10,4,0.9,0.9,0.005,0,20.0,100.0,2.25718,0.0,919.0,,
0,16x16,,2573,,10,4,0.9,0.9,0.005,0,20.0,100.0,0.00757,0.0,3.0,,
0,16x16,,2574,,10,4,0.9,0.9,0.005,0,20.0,100.0,0.00382,0.0,2.0,,
0,16x16,,2575,,10,4,0.9,0.9,0.005,0,20.0,100.0,0.0105,0.0,3.0,,
0,16x16,,2576,,10,4,0.9,0.9,0.005,0,20.0,100.0,0.00836,0.0,2.0,,
0,16x16,,2577,,10,4,0.9,0.9,0.005,0,20.0,100.0,0.00342,0.0,1.0,,
0,16x16,,2578,,10,4,0.9,0.9,0.005,0,20.0,100.0,0.00515,0.0,2.0,,
0,16x16,,2579,,10,4,0.9,0.9,0.005,0,20.0,100.0,0.00347,0.0,2.0,,
0,16x16,,2580,,10,4,0.9,0.9,0.005,0,20.0,100.0,0.0131,0.0,4.0,,
0,16x16,,2581,,10,4,0.9,0.9,0.005,0,20.0,100.0,0.0044,0.0,2.0,,
0,16x16,,2582,,10,4,0.9,0.9,0.005,0,20.0,100.0,0.00289,0.0,2.0,,
0,16x16,,2583,,10,4,0.9,0.9,0.005,0,20.0,100.0,0.00461,0.0,2.0,,
0,16x16,,2584,,10,4,0.9,0.9,0.005,0,20.0,100.0,0.00957,0.0,3.0,,
0,16x16,,2585,,10,4,0.9,0.9,0.005,0,20.0,100.0,0.00343,0.0,2.0,,
0,16x16,,2586,,10,4,0.9,0.9,0.005,0,20.0,100.0,0.00203,0.0,2.0,,
0,16x16,,2587,,10,4,0.9,0.9,0.005,0,20.0,100.0,0.00239,0.0,1.0,,
0,16x16,,2588,,10,4,0.9,0.9,0.005,0,20.0,100.0,0.03679,0.0,13.0,,
0,16x16,,2589,,10,4,0.9,0.9,0.005,0,20.0,100.0,0.0053,0.0,2.0,,
0,16x16,,2590,,10,4,0.9,0.9,0.005,0,20.0,100.0,0.49094,0.0,190.0,,
0,16x16,,2591,,10,4,0.9,0.9,0.005,0,20.0,100.0,0.0036,0.0,2.0,,
0,16x16,,2592,,10,4,0.9,0.9,0.005,0,20.0,100.0,0.00769,0.0,3.0,,
0,16x16,,2593,,10,4,0.9,0.9,0.005,0,20.0,100.0,0.19129,0.0,66.0,,
0,16x16,,2594,,10,4,0.9,0.9,0.005,0,20.0,100.0,0.00868,0.0,4.0,,
0,16x16,,2595,,10,4,0.9,0.9,0.005,0,20.0,100.0,0.01011,0.0,3.0,,
0,16x16,,2596,,10,4,0.9,0.9,0.005,0,20.0,100.0,0.00727,0.0,4.0,,
0,16x16,,2597,,10,4,0.9,0.9,0.005,0,20.0,100.0,0.17374,0.0,67.0,,
0,16x16,,2598,,10,4,0.9,0.9,0.005,0,20.0,100.0,0.01509,0.0,4.0,,
0,16x16,,2599,,10,4,0.9,0.9,0.005,0,20.0,100.0,0.09449,0.0,48.0,,
0,16x16,,2600,,10,4,0.9,0.9,0.005,0,20.0,100.0,0.3465,0.0,130.0,,
0,16x16,,2601,,10,4,0.9,0.9,0.005,0,20.0,100.0,0.00167,0.0,1.0,,
0,16x16,,2602,,10,4,0.9,0.9,0.005,0,20.0,0.0,0.0,0.0,0.0,,
0,16x16,,2603,,10,4,0.9,0.9,0.005,0,20.0,100.0,0.01732,0.0,7.0,,
0,16x16,,2604,,10,4,0.9,0.9,0.005,0,20.0,100.0,0.29723,0.0,113.0,,
0,16x16,,2605,,10,4,0.9,0.9,0.005,0,20.0,100.0,0.00375,0.0,2.0,,
0,16x16,,2606,,10,4,0.9,0.9,0.005,0,20.0,100.0,0.0071,0.0,3.0,,
0,16x16,,2607,,10,4,0.9,0.9,0.005,0,20.0,100.0,0.0001,0.0,1.0,,
0,16x16,,2608,,10,4,0.9,0.9,0.005,0,20.0,100.0,0.00545,0.0,2.0,,
0,16x16,,2609,,10,4,0.9,0.9,0.005,0,20.0,100.0,0.03977,0.0,13.0,,
0,16x16,,2610,,10,4,0.9,0.9,0.005,0,20.0,100.0,0.02145,0.0,8.0,,
0,16x16,,2611,,10,4,0.9,0.9,0.005,0,20.0,100.0,0.00637,0.0,3.0,,
0,16x16,,2612,,10,4,0.9,0.9,0.005,0,20.0,100.0,0.00305,0.0,1.0,,
0,16x16,,2613,,10,4,0.9,0.9,0.005,0,20.0,100.0,0.01227,0.0,4.0,,
0,16x16,,2614,,10,4,0.9,0.9,0.005,0,20.0,100.0,0.00631,0.0,2.0,,
0,16x16,,2615,,10,4,0.9,0.9,0.005,0,20.0,100.0,0.0306,0.0,12.0,,
0,16x16,,2616,,10,4,0.9,0.9,0.005,0,20.0,100.0,0.00413,0.0,1.0,,
0,16x16,,2617,,10,4,0.9,0.9,0.005,0,20.0,100.0,0.00474,0.0,2.0,,
0,16x16,,2618,,10,4,0.9,0.9,0.005,0,20.0,100.0,0.00116,0.0,1.0,,
0,16x16,,2619,,10,4,0.9,0.9,0.005,0,20.0,100.0,0.00517,0.0,2.0,,
0,16x16,,2620,,10,4,0.9,0.9,0.005,0,20.0,100.0,0.00297,0.0,1.0,,
0,16x16,,2621,,10,4,0.9,0.9,0.005,0,20.0,100.0,0.00624,0.0,2.0,,
0,16x16,,2622,,10,4,0.9,0.9,0.005,0,20.0,100.0,0.04241,0.0,21.0,,
0,16x16,,2623,,10,4,0.9,0.9,0.005,0,20.0,100.0,0.01626,0.0,5.0,,
0,16x16,,2624,,10,4,0.9,0.9,0.005,0,20.0,100.0,0.02154,0.0,7.0,,
0,16x16,,2625,,10,4,0.9,0.9,0.005,0,20.0,100.0,3.43974,0.0,1385.0,,
0,16x16,,2626,,10,4,0.9,0.9,0.005,0,20.0,100.0,0.00343,0.0,2.0,,
0,16x16,,2627,,10,4,0.9,0.9,0.005,0,20.0,100.0,0.00051,0.0,1.0,,
0,16x16,,2628,,10,4,0.9,0.9,0.005,0,20.0,100.0,0.00488,0.0,2.0,,
0,16x16,,2629,,10,4,0.9,0.9,0.005,0,20.0,100.0,0.00433,0.0,2.0,,
0,16x16,,2630,,10,4,0.9,0.9,0.005,0,20.0,100.0,0.00457,0.0,2.0,,
0,16x16,,2631,,10,4,0.9,0.9,0.005,0,20.0,100.0,0.00404,0.0,1.0,,
0,16x16,,2632,,10,4,0.9,0.9,0.005,0,20.0,100.0,0.00846,0.0,3.0,,
0,16x16,,2633,,10,4,0.9,0.9,0.005,0,20.0,100.0,0.01918,0.0,8.0,,
0,16x16,,2634,,10,4,0.9,0.9,0.005,0,20.0,100.0,0.00232,0.0,1.0,,
0,16x16,,2635,,10,4,0.9,0.9,0.005,0,20.0,100.0,0.01717,0.0,6.0,,
0,16x16,,2636,,10,4,0.9,0.9,0.005,0,20.0,100.0,0.00392,0.0,2.0,,
0,16x16,,2637,,10,4,0.9,0.9,0.005,0,20.0,100.0,0.0026,0.0,1.0,,
0,16x16,,2638,,10,4,0.9,0.9,0.005,0,20.0,100.0,0.00441,0.0,2.0,,
0,16x16,,2639,,10,4,0.9,0.9,0.005,0,20.0,100.0,0.06413,0.0,18.0,,
0,16x16,,2640,,10,4,0.9,0.9,0.005,0,20.0,100.0,0.11843,0.0,38.0,,
0,16x16,,2641,,10,4,0.9,0.9,0.005,0,20.0,100.0,0.0074,0.0,2.0,,
0,16x16,,2642,,10,4,0.9,0.9,0.005,0,20.0,100.0,0.00897,0.0,3.0,,
0,16x16,,2643,,10,4,0.9,0.9,0.005,0,20.0,100.0,0.00289,0.0,1.0,,
0,16x16,,2644,,10,4,0.9,0.9,0.005,0,20.0,100.0,0.02902,0.0,9.0,,
0,16x16,,2645,,10,4,0.9,0.9,0.005,0,20.0,100.0,0.0029,0.0,2.0,,
0,16x16,,2646,,10,4,0.9,0.9,0.005,0,20.0,100.0,0.00612,0.0,3.0,,
0,16x16,,2647,,10,4,0.9,0.9,0.005,0,20.0,0.0,0.0,0.0,0.0,,
0,16x16,,2648,,10,4,0.9,0.9,0.005,0,20.0,100.0,0.00423,0.0,2.0,,
0,16x16,,2649,,10,4,0.9,0.9,0.005,0,20.0,100.0,0.1081,0.0,39.0,,
0,16x16,,2650,,10,4,0.9,0.9,0.005,0,20.0,100.0,0.00401,0.0,2.0,,
0,16x16,,2651,,10,4,0.9,0.9,0.005,0,20.0,100.0,0.1879,0.0,63.0,,
0,16x16,,2652,,10,4,0.9,0.9,0.005,0,20.0,100.0,0.00686,0.0,3.0,,
0,16x16,,2653,,10,4,0.9,0.9,0.005,0,20.0,100.0,0.08205,0.0,32.0,,
0,16x16,,2654,,10,4,0.9,0.9,0.005,0,20.0,100.0,1.48365,0.0,555.0,,
0,16x16,,2655,,10,4,0.9,0.9,0.005,0,20.0,100.0,0.01936,0.0,6.0,,
0,16x16,,2656,,10,4,0.9,0.9,0.005,0,20.0,100.0,0.00281,0.0,2.0,,
0,16x16,,2657,,10,4,0.9,0.9,0.005,0,20.0,100.0,0.01412,0.0,4.0,,
0,16x16,,2658,,10,4,0.9,0.9,0.005,0,20.0,100.0,0.01881,0.0,9.0,,
0,16x16,,2659,,10,4,0.9,0.9,0.005,0,20.0,100.0,0.01763,0.0,5.0,,
0,16x16,,2660,,10,4,0.9,0.9,0.005,0,20.0,100.0,0.01606,0.0,5.0,,
0,16x16,,2661,,10,4,0.9,0.9,0.005,0,20.0,100.0,0.00668,0.0,2.0,,
0,16x16,,2662,,10,4,0.9,0.9,0.005,0,20.0,100.0,0.00341,0.0,2.0,,
0,16x16,,2663,,10,4,0.9,0.9,0.005,0,20.0,100.0,0.08334,0.0,19.0,,
0,16x16,,2664,,10,4,0.9,0.9,0.005,0,20.0,100.0,0.01378,0.0,3.0,,
0,16x16,,2665,,10,4,0.9,0.9,0.005,0,20.0,100.0,0.00739,0.0,2.0,,
0,16x16,,2666,,10,4,0.9,0.9,0.005,0,20.0,100.0,0.00977,0.0,4.0,,
0,16x16,,2667,,10,4,0.9,0.9,0.005,0,20.0,100.0,0.02922,0.0,5.0,,
0,16x16,,2668,,10,4,0.9,0.9,0.005,0,20.0,100.0,0.00531,0.0,2.0,,
0,16x16,,2669,,10,4,0.9,0.9,0.005,0,20.0,100.0,0.37755,0.0,84.0,,
0,16x16,,2670,,10,4,0.9,0.9,0.005,0,20.0,100.0,0.00014,0.0,1.0,,
0,16x16,,2671,,10,4,0.9,0.9,0.005,0,20.0,100.0,0.01596,0.0,3.0,,
0,16x16,,2672,,10,4,0.9,0.9,0.005,0,20.0,100.0,0.07897,0.0,16.0,,
0,16x16,,2673,,10,4,0.9,0.9,0.005,0,20.0,100.0,0.00931,0.0,2.0,,
0,16x16,,2674,,10,4,0.9,0.9,0.005,0,20.0,100.0,0.00268,0.0,1.0,,
0,16x16,,2675,,10,4,0.9,0.9,0.005,0,20.0,100.0,0.021,0.0,4.0,,
0,16x16,,2676,,10,4,0.9,0.9,0.005,0,20.0,100.0,0.00944,0.0,2.0,,
0,16x16,,2677,,10,4,0.9,0.9,0.005,0,20.0,100.0,0.02858,0.0,6.0,,
0,16x16,,2678,,10,4,0.9,0.9,0.005,0,20.0,100.0,0.00296,0.0,1.0,,
0,16x16,,2679,,10,4,0.9,0.9,0.005,0,20.0,100.0,0.00969,0.0,2.0,,
0,16x16,,2680,,10,4,0.9,0.9,0.005,0,20.0,100.0,0.00729,0.0,2.0,,
0,16x16,,2681,,10,4,0.9,0.9,0.005,0,20.0,100.0,0.2711,0.0,79.0,,
0,16x16,,2682,,10,4,0.9,0.9,0.005,0,20.0,100.0,0.00707,0.0,2.0,,
0,16x16,,2683,,10,4,0.9,0.9,0.005,0,20.0,100.0,0.16818,0.0,51.0,,
0,16x16,,2684,,10,4,0.9,0.9,0.005,0,20.0,100.0,0.00395,0.0,2.0,,
0,16x16,,2685,,10,4,0.9,0.9,0.005,0,20.0,100.0,0.1552,0.0,50.0,,
0,16x16,,2686,,10,4,0.9,0.9,0.005,0,20.0,100.0,1.15805,0.0,336.0,,
0,16x16,,2687,,10,4,0.9,0.9,0.005,0,20.0,100.0,0.00453,0.0,2.0,,
0,16x16,,2688,,10,4,0.9,0.9,0.005,0,20.0,100.0,0.00167,0.0,1.0,,
0,16x16,,2689,,10,4,0.9,0.9,0.005,0,20.0,100.0,0.03826,0.0,14.0,,
0,16x16,,2690,,10,4,0.9,0.9,0.005,0,20.0,100.0,0.00708,0.0,3.0,,
0,16x16,,2691,,10,4,0.9,0.9,0.005,0,20.0,100.0,0.00896,0.0,3.0,,
0,16x16,,2692,,10,4,0.9,0.9,0.005,0,20.0,100.0,0.00162,0.0,1.0,,
0,16x16,,2693,,10,4,0.9,0.9,0.005,0,20.0,100.0,0.00353,0.0,1.0,,
0,16x16,,2694,,10,4,0.9,0.9,0.005,0,20.0,100.0,0.00144,0.0,1.0,,
0,16x16,,2695,,10,4,0.9,0.9,0.005,0,20.0,100.0,0.00554,0.0,2.0,,
0,16x16,,2696,,10,4,0.9,0.9,0.005,0,20.0,100.0,0.00615,0.0,3.0,,
0,16x16,,2697,,10,4,0.9,0.9,0.005,0,20.0,100.0,0.00013,0.0,1.0,,
0,16x16,,2698,,10,4,0.9,0.9,0.005,0,20.0,100.0,0.00561,0.0,3.0,,
0,16x16,,2699,,10,4,0.9,0.9,0.005,0,20.0,100.0,0.01499,0.0,6.0,,
0,16x16,,2700,,10,4,0.9,0.9,0.005,0,20.0,100.0,0.00744,0.0,3.0,,
0,16x16,,2701,,10,4,0.9,0.9,0.005,0,20.0,100.0,0.01354,0.0,4.0,,
0,16x16,,2702,,10,4,0.9,0.9,0.005,0,20.0,100.0,0.12019,0.0,48.0,,
0,16x16,,2703,,10,4,0.9,0.9,0.005,0,20.0,100.0,0.00382,0.0,2.0,,
0,16x16,,2704,,10,4,0.9,0.9,0.005,0,20.0,100.0,0.00079,0.0,1.0,,
0,16x16,,2705,,10,4,0.9,0.9,0.005,0,20.0,100.0,0.00603,0.0,2.0,,
0,16x16,,2706,,10,4,0.9,0.9,0.005,0,20.0,100.0,0.00766,0.0,3.0,,
0,16x16,,2707,,10,4,0.9,0.9,0.005,0,20.0,100.0,0.09566,0.0,32.0,,
0,16x16,,2708,,10,4,0.9,0.9,0.005,0,20.0,100.0,0.00491,0.0,2.0,,
0,16x16,,2709,,10,4,0.9,0.9,0.005,0,20.0,100.0,0.0324,0.0,11.0,,
0,16x16,,2710,,10,4,0.9,0.9,0.005,0,20.0,100.0,0.03168,0.0,11.0,,
0,16x16,,2711,,10,4,0.9,0.9,0.005,0,20.0,100.0,0.0074,0.0,4.0,,
0,16x16,,2712,,10,4,0.9,0.9,0.005,0,20.0,100.0,0.00823,0.0,2.0,,
0,16x16,,2713,,10,4,0.9,0.9,0.005,0,20.0,100.0,0.00565,0.0,2.0,,
0,16x16,,2714,,10,4,0.9,0.9,0.005,0,20.0,100.0,0.03322,0.0,12.0,,
0,16x16,,2715,,10,4,0.9,0.9,0.005,0,20.0,100.0,0.01021,0.0,3.0,,
0,16x16,,2716,,10,4,0.9,0.9,0.005,0,20.0,100.0,0.00167,0.0,1.0,,
0,16x16,,2717,,10,4,0.9,0.9,0.005,0,20.0,100.0,0.00575,0.0,2.0,,
0,16x16,,2718,,10,4,0.9,0.9,0.005,0,20.0,100.0,0.03253,0.0,14.0,,
0,16x16,,2719,,10,4,0.9,0.9,0.005,0,20.0,100.0,0.04201,0.0,13.0,,
0,16x16,,2720,,10,4,0.9,0.9,0.005,0,20.0,100.0,0.04229,0.0,11.0,,
0,16x16,,2721,,10,4,0.9,0.9,0.005,0,20.0,100.0,0.04372,0.0,13.0,,
0,16x16,,2722,,10,4,0.9,0.9,0.005,0,20.0,100.0,0.00267,0.0,1.0,,
0,16x16,,2723,,10,4,0.9,0.9,0.005,0,20.0,100.0,0.00445,0.0,2.0,,
0,16x16,,2724,,10,4,0.9,0.9,0.005,0,20.0,100.0,0.00388,0.0,2.0,,
0,16x16,,2725,,10,4,0.9,0.9,0.005,0,20.0,100.0,0.00178,0.0,1.0,,
0,16x16,,2726,,10,4,0.9,0.9,0.005,0,20.0,100.0,0.00555,0.0,2.0,,
0,16x16,,2727,,10,4,0.9,0.9,0.005,0,20.0,100.0,0.0065,0.0,3.0,,
0,16x16,,2728,,10,4,0.9,0.9,0.005,0,20.0,100.0,0.01796,0.0,5.0,,
0,16x16,,2729,,10,4,0.9,0.9,0.005,0,20.0,100.0,0.00571,0.0,2.0,,
0,16x16,,2730,,10,4,0.9,0.9,0.005,0,20.0,100.0,0.0051,0.0,2.0,,
0,16x16,,2731,,10,4,0.9,0.9,0.005,0,20.0,100.0,0.03593,0.0,12.0,,
0,16x16,,2732,,10,4,0.9,0.9,0.005,0,20.0,100.0,0.03401,0.0,16.0,,
0,16x16,,2733,,10,4,0.9,0.9,0.005,0,20.0,100.0,0.00714,0.0,3.0,,
0,16x16,,2734,,10,4,0.9,0.9,0.005,0,20.0,100.0,0.00544,0.0,2.0,,
0,16x16,,2735,,10,4,0.9,0.9,0.005,0,20.0,100.0,0.00418,0.0,2.0,,
0,16x16,,2736,,10,4,0.9,0.9,0.005,0,20.0,100.0,0.00214,0.0,1.0,,
0,16x16,,2737,,10,4,0.9,0.9,0.005,0,20.0,100.0,0.00618,0.0,2.0,,
0,16x16,,2738,,10,4,0.9,0.9,0.005,0,20.0,100.0,0.00491,0.0,2.0,,
0,16x16,,2739,,10,4,0.9,0.9,0.005,0,20.0,100.0,0.16082,0.0,65.0,,
0,16x16,,2740,,10,4,0.9,0.9,0.005,0,20.0,100.0,0.00674,0.0,2.0,,
0,16x16,,2741,,10,4,0.9,0.9,0.005,0,20.0,100.0,0.00518,0.0,2.0,,
0,16x16,,2742,,10,4,0.9,0.9,0.005,0,20.0,100.0,0.01487,0.0,5.0,,
0,16x16,,2743,,10,4,0.9,0.9,0.005,0,20.0,100.0,0.02253,0.0,8.0,,
0,16x16,,2744,,10,4,0.9,0.9,0.005,0,20.0,100.0,0.14241,0.0,50.0,,
0,16x16,,2745,,10,4,0.9,0.9,0.005,0,20.0,100.0,0.00518,0.0,2.0,,
0,16x16,,2746,,10,4,0.9,0.9,0.005,0,20.0,100.0,1.75214,0.0,674.0,,
0,16x16,,2747,,10,4,0.9,0.9,0.005,0,20.0,100.0,2.46438,0.0,878.0,,
0,16x16,,2748,,10,4,0.9,0.9,0.005,0,20.0,100.0,0.006,0.0,2.0,,
0,16x16,,2749,,10,4,0.9,0.9,0.005,0,20.0,100.0,0.00207,0.0,1.0,,
0,16x16,,2750,,10,4,0.9,0.9,0.005,0,20.0,100.0,0.00215,0.0,1.0,,
0,16x16,,2751,,10,4,0.9,0.9,0.005,0,20.0,100.0,0.00464,0.0,2.0,,
0,16x16,,2752,,10,4,0.9,0.9,0.005,0,20.0,100.0,0.00379,0.0,2.0,,
0,16x16,,2753,,10,4,0.9,0.9,0.005,0,20.0,100.0,0.00324,0.0,1.0,,
0,16x16,,2754,,10,4,0.9,0.9,0.005,0,20.0,100.0,0.00502,0.0,2.0,,
0,16x16,,2755,,10,4,0.9,0.9,0.005,0,20.0,100.0,3.63317,0.0,1325.0,,
0,16x16,,2756,,10,4,0.9,0.9,0.005,0,20.0,100.0,0.16557,0.0,57.0,,
0,16x16,,2757,,10,4,0.9,0.9,0.005,0,20.0,100.0,0.00624,0.0,2.0,,
0,16x16,,2758,,10,4,0.9,0.9,0.005,0,20.0,100.0,0.00224,0.0,2.0,,
0,16x16,,2759,,10,4,0.9,0.9,0.005,0,20.0,100.0,0.00647,0.0,3.0,,
0,16x16,,2760,,10,4,0.9,0.9,0.005,0,20.0,100.0,0.00793,0.0,2.0,,
0,16x16,,2761,,10,4,0.9,0.9,0.005,0,20.0,100.0,0.011,0.0,3.0,,
0,16x16,,2762,,10,4,0.9,0.9,0.005,0,20.0,100.0,0.00676,0.0,2.0,,
0,16x16,,2763,,10,4,0.9,0.9,0.005,0,20.0,100.0,0.22959,0.0,52.0,,
0,16x16,,2764,,10,4,0.9,0.9,0.005,0,20.0,100.0,0.32024,0.0,101.0,,
0,16x16,,2765,,10,4,0.9,0.9,0.005,0,20.0,100.0,0.74283,0.0,245.0,,
0,16x16,,2766,,10,4,0.9,0.9,0.005,0,20.0,100.0,0.02405,0.0,8.0,,
0,16x16,,2767,,10,4,0.9,0.9,0.005,0,20.0,100.0,0.006,0.0,2.0,,
0,16x16,,2768,,10,4,0.9,0.9,0.005,0,20.0,100.0,0.0068,0.0,3.0,,
0,16x16,,2769,,10,4,0.9,0.9,0.005,0,20.0,100.0,0.00156,0.0,1.0,,
0,16x16,,2770,,10,4,0.9,0.9,0.005,0,20.0,100.0,0.00317,0.0,2.0,,
0,16x16,,2771,,10,4,0.9,0.9,0.005,0,20.0,100.0,0.08743,0.0,66.0,,
0,16x16,,2772,,10,4,0.9,0.9,0.005,0,20.0,100.0,0.00817,0.0,2.0,,
0,16x16,,2773,,10,4,0.9,0.9,0.005,0,20.0,100.0,0.00338,0.0,1.0,,
0,16x16,,2774,,10,4,0.9,0.9,0.005,0,20.0,100.0,1.73203,0.0,532.0,,
0,16x16,,2775,,10,4,0.9,0.9,0.005,0,20.0,100.0,0.00234,0.0,1.0,,
0,16x16,,2776,,10,4,0.9,0.9,0.005,0,20.0,100.0,0.005,0.0,3.0,,
0,16x16,,2777,,10,4,0.9,0.9,0.005,0,20.0,100.0,0.00491,0.0,2.0,,
0,16x16,,2778,,10,4,0.9,0.9,0.005,0,20.0,100.0,0.00579,0.0,2.0,,
0,16x16,,2779,,10,4,0.9,0.9,0.005,0,20.0,100.0,0.00528,0.0,2.0,,
0,16x16,,2780,,10,4,0.9,0.9,0.005,0,20.0,100.0,0.04758,0.0,22.0,,
0,16x16,,2781,,10,4,0.9,0.9,0.005,0,20.0,100.0,0.00201,0.0,1.0,,
0,16x16,,2782,,10,4,0.9,0.9,0.005,0,20.0,100.0,0.00474,0.0,2.0,,
0,16x16,,2783,,10,4,0.9,0.9,0.005,0,20.0,100.0,0.4894,0.0,370.0,,
0,16x16,,2784,,10,4,0.9,0.9,0.005,0,20.0,100.0,0.0037,0.0,2.0,,
0,16x16,,2785,,10,4,0.9,0.9,0.005,0,20.0,100.0,0.00393,0.0,2.0,,
0,16x16,,2786,,10,4,0.9,0.9,0.005,0,20.0,100.0,0.00692,0.0,2.0,,
0,16x16,,2787,,10,4,0.9,0.9,0.005,0,20.0,100.0,0.00293,0.0,1.0,,
0,16x16,,2788,,10,4,0.9,0.9,0.005,0,20.0,100.0,0.05836,0.0,22.0,,
0,16x16,,2789,,10,4,0.9,0.9,0.005,0,20.0,100.0,0.00565,0.0,2.0,,
0,16x16,,2790,,10,4,0.9,0.9,0.005,0,20.0,100.0,0.00348,0.0,2.0,,
0,16x16,,2791,,10,4,0.9,0.9,0.005,0,20.0,100.0,0.01016,0.0,4.0,,
0,16x16,,2792,,10,4,0.9,0.9,0.005,0,20.0,100.0,0.00788,0.0,3.0,,
0,16x16,,2793,,10,4,0.9,0.9,0.005,0,20.0,100.0,0.54869,0.0,260.0,,
0,16x16,,2794,,10,4,0.9,0.9,0.005,0,20.0,100.0,0.00496,0.0,2.0,,
0,16x16,,2795,,10,4,0.9,0.9,0.005,0,20.0,100.0,0.12795,0.0,51.0,,
0,16x16,,2796,,10,4,0.9,0.9,0.005,0,20.0,100.0,0.00808,0.0,3.0,,
0,16x16,,2797,,10,4,0.9,0.9,0.005,0,20.0,100.0,0.00213,0.0,1.0,,
0,16x16,,2798,,10,4,0.9,0.9,0.005,0,20.0,100.0,0.00301,0.0,1.0,,
0,16x16,,2799,,10,4,0.9,0.9,0.005,0,20.0,100.0,0.00015,0.0,1.0,,
0,16x16,,2800,,10,4,0.9,0.9,0.005,0,20.0,100.0,0.01035,0.0,4.0,,
0,16x16,,2801,,10,4,0.9,0.9,0.005,0,20.0,100.0,0.00646,0.0,2.0,,
0,16x16,,2802,,10,4,0.9,0.9,0.005,0,20.0,100.0,0.00378,0.0,2.0,,
0,16x16,,2803,,10,4,0.9,0.9,0.005,0,20.0,100.0,0.03629,0.0,12.0,,
0,16x16,,2804,,10,4,0.9,0.9,0.005,0,20.0,100.0,0.00636,0.0,2.0,,
0,16x16,,2805,,10,4,0.9,0.9,0.005,0,20.0,100.0,0.04108,0.0,11.0,,
0,16x16,,2806,,10,4,0.9,0.9,0.005,0,20.0,100.0,0.00523,0.0,2.0,,
0,16x16,,2807,,10,4,0.9,0.9,0.005,0,20.0,100.0,0.01402,0.0,5.0,,
0,16x16,,2808,,10,4,0.9,0.9,0.005,0,20.0,100.0,0.0085,0.0,3.0,,
0,16x16,,2809,,10,4,0.9,0.9,0.005,0,20.0,100.0,0.00418,0.0,2.0,,
0,16x16,,2810,,10,4,0.9,0.9,0.005,0,20.0,100.0,0.00549,0.0,2.0,,
0,16x16,,2811,,10,4,0.9,0.9,0.005,0,20.0,100.0,0.02404,0.0,11.0,,
0,16x16,,2812,,10,4,0.9,0.9,0.005,0,20.0,100.0,0.00394,0.0,2.0,,
0,16x16,,2813,,10,4,0.9,0.9,0.005,0,20.0,100.0,0.00138,0.0,1.0,,
0,16x16,,2814,,10,4,0.9,0.9,0.005,0,20.0,100.0,0.01073,0.0,3.0,,
0,16x16,,2815,,10,4,0.9,0.9,0.005,0,20.0,100.0,0.00283,0.0,1.0,,
0,16x16,,2816,,10,4,0.9,0.9,0.005,0,20.0,100.0,0.07152,0.0,31.0,,
0,16x16,,2817,,10,4,0.9,0.9,0.005,0,20.0,100.0,0.0043,0.0,2.0,,
0,16x16,,2818,,10,4,0.9,0.9,0.005,0,20.0,100.0,0.00852,0.0,3.0,,
0,16x16,,2819,,10,4,0.9,0.9,0.005,0,20.0,100.0,0.00142,0.0,1.0,,
0,16x16,,2820,,10,4,0.9,0.9,0.005,0,20.0,100.0,0.00656,0.0,2.0,,
0,16x16,,2821,,10,4,0.9,0.9,0.005,0,20.0,100.0,0.30583,0.0,103.0,,
0,16x16,,2822,,10,4,0.9,0.9,0.005,0,20.0,100.0,0.06452,0.0,22.0,,
0,16x16,,2823,,10,4,0.9,0.9,0.005,0,20.0,100.0,0.0107,0.0,4.0,,
0,16x16,,2824,,10,4,0.9,0.9,0.005,0,20.0,100.0,0.00013,0.0,1.0,,
0,16x16,,2825,,10,4,0.9,0.9,0.005,0,20.0,100.0,0.00279,0.0,1.0,,
0,16x16,,2826,,10,4,0.9,0.9,0.005,0,20.0,100.0,0.10317,0.0,43.0,,
0,16x16,,2827,,10,4,0.9,0.9,0.005,0,20.0,100.0,0.00204,0.0,1.0,,
0,16x16,,2828,,10,4,0.9,0.9,0.005,0,20.0,100.0,0.00784,0.0,3.0,,
0,16x16,,2829,,10,4,0.9,0.9,0.005,0,20.0,100.0,0.00126,0.0,1.0,,
0,16x16,,2830,,10,4,0.9,0.9,0.005,0,20.0,100.0,0.01585,0.0,6.0,,
0,16x16,,2831,,10,4,0.9,0.9,0.005,0,20.0,100.0,8e-05,0.0,1.0,,
0,16x16,,2832,,10,4,0.9,0.9,0.005,0,20.0,100.0,0.00967,0.0,7.0,,
0,16x16,,2833,,10,4,0.9,0.9,0.005,0,20.0,100.0,0.01249,0.0,4.0,,
0,16x16,,2834,,10,4,0.9,0.9,0.005,0,20.0,100.0,0.00132,0.0,1.0,,
0,16x16,,2835,,10,4,0.9,0.9,0.005,0,20.0,100.0,0.00581,0.0,2.0,,
0,16x16,,2836,,10,4,0.9,0.9,0.005,0,20.0,100.0,0.00559,0.0,2.0,,
0,16x16,,2837,,10,4,0.9,0.9,0.005,0,20.0,100.0,0.01582,0.0,6.0,,
0,16x16,,2838,,10,4,0.9,0.9,0.005,0,20.0,100.0,0.00607,0.0,2.0,,
0,16x16,,2839,,10,4,0.9,0.9,0.005,0,20.0,100.0,0.00447,0.0,2.0,,
0,16x16,,2840,,10,4,0.9,0.9,0.005,0,20.0,100.0,0.01111,0.0,3.0,,
0,16x16,,2841,,10,4,0.9,0.9,0.005,0,20.0,100.0,0.02036,0.0,6.0,,
0,16x16,,2842,,10,4,0.9,0.9,0.005,0,20.0,100.0,0.00785,0.0,3.0,,
0,16x16,,2843,,10,4,0.9,0.9,0.005,0,20.0,100.0,0.04854,0.0,19.0,,
0,16x16,,2844,,10,4,0.9,0.9,0.005,0,20.0,100.0,0.04914,0.0,13.0,,
0,16x16,,2845,,10,4,0.9,0.9,0.005,0,20.0,100.0,0.00726,0.0,3.0,,
0,16x16,,2846,,10,4,0.9,0.9,0.005,0,20.0,100.0,0.00725,0.0,3.0,,
0,16x16,,2847,,10,4,0.9,0.9,0.005,0,20.0,100.0,0.00243,0.0,1.0,,
0,16x16,,2848,,10,4,0.9,0.9,0.005,0,20.0,100.0,0.04186,0.0,11.0,,
0,16x16,,2849,,10,4,0.9,0.9,0.005,0,20.0,100.0,0.00437,0.0,2.0,,
0,16x16,,2850,,10,4,0.9,0.9,0.005,0,20.0,100.0,0.00763,0.0,2.0,,
0,16x16,,2851,,10,4,0.9,0.9,0.005,0,20.0,100.0,1.13153,0.0,408.0,,
0,16x16,,2852,,10,4,0.9,0.9,0.005,0,20.0,100.0,0.00765,0.0,2.0,,
0,16x16,,2853,,10,4,0.9,0.9,0.005,0,20.0,100.0,0.12387,0.0,20.0,,
0,16x16,,2854,,10,4,0.9,0.9,0.005,0,20.0,100.0,0.00428,0.0,1.0,,
0,16x16,,2855,,10,4,0.9,0.9,0.005,0,20.0,100.0,0.00653,0.0,2.0,,
0,16x16,,2856,,10,4,0.9,0.9,0.005,0,20.0,100.0,0.00348,0.0,1.0,,
0,16x16,,2857,,10,4,0.9,0.9,0.005,0,20.0,100.0,0.00993,0.0,3.0,,
0,16x16,,2858,,10,4,0.9,0.9,0.005,0,20.0,100.0,0.00254,0.0,1.0,,
0,16x16,,2859,,10,4,0.9,0.9,0.005,0,20.0,100.0,1.55903,0.0,651.0,,
0,16x16,,2860,,10,4,0.9,0.9,0.005,0,20.0,100.0,0.00144,0.0,1.0,,
0,16x16,,2861,,10,4,0.9,0.9,0.005,0,20.0,100.0,0.25931,0.0,98.0,,
0,16x16,,2862,,10,4,0.9,0.9,0.005,0,20.0,100.0,0.00977,0.0,4.0,,
0,16x16,,2863,,10,4,0.9,0.9,0.005,0,20.0,100.0,1.87393,0.0,879.0,,
0,16x16,,2864,,10,4,0.9,0.9,0.005,0,20.0,100.0,0.00462,0.0,2.0,,
0,16x16,,2865,,10,4,0.9,0.9,0.005,0,20.0,100.0,0.00606,0.0,2.0,,
0,16x16,,2866,,10,4,0.9,0.9,0.005,0,20.0,100.0,0.0065,0.0,2.0,,
0,16x16,,2867,,10,4,0.9,0.9,0.005,0,20.0,100.0,0.01591,0.0,7.0,,
0,16x16,,2868,,10,4,0.9,0.9,0.005,0,20.0,100.0,0.00567,0.0,2.0,,
0,16x16,,2869,,10,4,0.9,0.9,0.005,0,20.0,100.0,0.00917,0.0,3.0,,
0,16x16,,2870,,10,4,0.9,0.9,0.005,0,20.0,100.0,0.0049,0.0,2.0,,
0,16x16,,2871,,10,4,0.9,0.9,0.005,0,20.0,100.0,0.01179,0.0,4.0,,
0,16x16,,2872,,10,4,0.9,0.9,0.005,0,20.0,100.0,0.00558,0.0,2.0,,
0,16x16,,2873,,10,4,0.9,0.9,0.005,0,20.0,100.0,0.00545,0.0,2.0,,
0,16x16,,2874,,10,4,0.9,0.9,0.005,0,20.0,100.0,0.00513,0.0,2.0,,
0,16x16,,2875,,10,4,0.9,0.9,0.005,0,20.0,100.0,0.06393,0.0,21.0,,
0,16x16,,2876,,10,4,0.9,0.9,0.005,0,20.0,100.0,0.00431,0.0,2.0,,
0,16x16,,2877,,10,4,0.9,0.9,0.005,0,20.0,100.0,0.00771,0.0,3.0,,
0,16x16,,2878,,10,4,0.9,0.9,0.005,0,20.0,100.0,0.00701,0.0,2.0,,
0,16x16,,2879,,10,4,0.9,0.9,0.005,0,20.0,100.0,0.09268,0.0,31.0,,
0,16x16,,2880,,10,4,0.9,0.9,0.005,0,20.0,100.0,0.11916,0.0,83.0,,
0,16x16,,2881,,10,4,0.9,0.9,0.005,0,20.0,100.0,0.08584,0.0,35.0,,
0,16x16,,2882,,10,4,0.9,0.9,0.005,0,20.0,100.0,0.01004,0.0,4.0,,
0,16x16,,2883,,10,4,0.9,0.9,0.005,0,20.0,100.0,0.00218,0.0,2.0,,
0,16x16,,2884,,10,4,0.9,0.9,0.005,0,20.0,100.0,0.00489,0.0,2.0,,
0,16x16,,2885,,10,4,0.9,0.9,0.005,0,20.0,100.0,0.02531,0.0,9.0,,
0,16x16,,2886,,10,4,0.9,0.9,0.005,0,20.0,100.0,0.00773,0.0,3.0,,
0,16x16,,2887,,10,4,0.9,0.9,0.005,0,20.0,100.0,0.00938,0.0,5.0,,
0,16x16,,2888,,10,4,0.9,0.9,0.005,0,20.0,100.0,0.00336,0.0,2.0,,
0,16x16,,2889,,10,4,0.9,0.9,0.005,0,20.0,0.0,0.0,0.0,0.0,,
0,16x16,,2890,,10,4,0.9,0.9,0.005,0,20.0,100.0,0.00853,0.0,3.0,,
0,16x16,,2891,,10,4,0.9,0.9,0.005,0,20.0,100.0,0.00534,0.0,2.0,,
0,16x16,,2892,,10,4,0.9,0.9,0.005,0,20.0,100.0,0.00198,0.0,1.0,,
0,16x16,,2893,,10,4,0.9,0.9,0.005,0,20.0,100.0,0.05217,0.0,28.0,,
0,16x16,,2894,,10,4,0.9,0.9,0.005,0,20.0,100.0,0.00682,0.0,2.0,,
0,16x16,,2895,,10,4,0.9,0.9,0.005,0,20.0,100.0,0.02083,0.0,8.0,,
0,16x16,,2896,,10,4,0.9,0.9,0.005,0,20.0,100.0,1.28675,0.0,522.0,,
0,16x16,,2897,,10,4,0.9,0.9,0.005,0,20.0,100.0,0.00439,0.0,2.0,,
0,16x16,,2898,,10,4,0.9,0.9,0.005,0,20.0,100.0,0.09615,0.0,27.0,,
0,16x16,,2899,,10,4,0.9,0.9,0.005,0,20.0,100.0,0.06693,0.0,19.0,,
0,16x16,,2900,,10,4,0.9,0.9,0.005,0,20.0,100.0,0.00248,0.0,1.0,,
0,16x16,,2901,,10,4,0.9,0.9,0.005,0,20.0,100.0,0.01819,0.0,7.0,,
0,16x16,,2902,,10,4,0.9,0.9,0.005,0,20.0,100.0,0.04071,0.0,17.0,,
0,16x16,,2903,,10,4,0.9,0.9,0.005,0,20.0,100.0,0.00577,0.0,2.0,,
0,16x16,,2904,,10,4,0.9,0.9,0.005,0,20.0,100.0,0.25702,0.0,81.0,,
0,16x16,,2905,,10,4,0.9,0.9,0.005,0,20.0,100.0,0.00412,0.0,2.0,,
0,16x16,,2906,,10,4,0.9,0.9,0.005,0,20.0,100.0,0.00636,0.0,5.0,,
0,16x16,,2907,,10,4,0.9,0.9,0.005,0,20.0,100.0,0.02408,0.0,10.0,,
0,16x16,,2908,,10,4,0.9,0.9,0.005,0,20.0,100.0,0.00343,0.0,2.0,,
0,16x16,,2909,,10,4,0.9,0.9,0.005,0,20.0,100.0,0.00372,0.0,2.0,,
0,16x16,,2910,,10,4,0.9,0.9,0.005,0,20.0,100.0,0.03245,0.0,10.0,,
0,16x16,,2911,,10,4,0.9,0.9,0.005,0,20.0,100.0,0.01949,0.0,7.0,,
0,16x16,,2912,,10,4,0.9,0.9,0.005,0,20.0,100.0,0.00057,0.0,1.0,,
0,16x16,,2913,,10,4,0.9,0.9,0.005,0,20.0,100.0,0.00404,0.0,2.0,,
0,16x16,,2914,,10,4,0.9,0.9,0.005,0,20.0,100.0,0.00478,0.0,2.0,,
0,16x16,,2915,,10,4,0.9,0.9,0.005,0,20.0,100.0,0.00199,0.0,1.0,,
0,16x16,,2916,,10,4,0.9,0.9,0.005,0,20.0,100.0,0.00012,0.0,1.0,,
0,16x16,,2917,,10,4,0.9,0.9,0.005,0,20.0,100.0,0.00565,0.0,2.0,,
0,16x16,,2918,,10,4,0.9,0.9,0.005,0,20.0,100.0,0.01017,0.0,3.0,,
0,16x16,,2919,,10,4,0.9,0.9,0.005,0,20.0,100.0,0.01771,0.0,3.0,,
0,16x16,,2920,,10,4,0.9,0.9,0.005,0,20.0,100.0,0.01547,0.0,5.0,,
0,16x16,,2921,,10,4,0.9,0.9,0.005,0,20.0,100.0,0.00288,0.0,1.0,,
0,16x16,,2922,,10,4,0.9,0.9,0.005,0,20.0,100.0,0.00942,0.0,3.0,,
0,16x16,,2923,,10,4,0.9,0.9,0.005,0,20.0,100.0,0.00866,0.0,2.0,,
0,16x16,,2924,,10,4,0.9,0.9,0.005,0,20.0,100.0,0.03479,0.0,10.0,,
0,16x16,,2925,,10,4,0.9,0.9,0.005,0,20.0,100.0,0.00356,0.0,1.0,,
0,16x16,,2926,,10,4,0.9,0.9,0.005,0,20.0,100.0,0.02009,0.0,5.0,,
0,16x16,,2927,,10,4,0.9,0.9,0.005,0,20.0,100.0,0.01599,0.0,7.0,,
0,16x16,,2928,,10,4,0.9,0.9,0.005,0,20.0,100.0,0.00781,0.0,2.0,,
0,16x16,,2929,,10,4,0.9,0.9,0.005,0,20.0,100.0,0.00182,0.0,1.0,,
0,16x16,,2930,,10,4,0.9,0.9,0.005,0,20.0,100.0,0.00533,0.0,2.0,,
0,16x16,,2931,,10,4,0.9,0.9,0.005,0,20.0,100.0,0.01991,0.0,8.0,,
0,16x16,,2932,,10,4,0.9,0.9,0.005,0,20.0,100.0,0.00864,0.0,2.0,,
0,16x16,,2933,,10,4,0.9,0.9,0.005,0,20.0,100.0,0.00593,0.0,2.0,,
0,16x16,,2934,,10,4,0.9,0.9,0.005,0,20.0,100.0,0.00362,0.0,2.0,,
0,16x16,,2935,,10,4,0.9,0.9,0.005,0,20.0,100.0,0.01235,0.0,4.0,,
0,16x16,,2936,,10,4,0.9,0.9,0.005,0,20.0,100.0,0.02028,0.0,10.0,,
0,16x16,,2937,,10,4,0.9,0.9,0.005,0,20.0,100.0,0.00474,0.0,2.0,,
0,16x16,,2938,,10,4,0.9,0.9,0.005,0,20.0,100.0,0.00864,0.0,3.0,,
0,16x16,,2939,,10,4,0.9,0.9,0.005,0,20.0,100.0,0.01155,0.0,4.0,,
0,16x16,,2940,,10,4,0.9,0.9,0.005,0,20.0,100.0,0.0065,0.0,3.0,,
0,16x16,,2941,,10,4,0.9,0.9,0.005,0,20.0,100.0,0.33991,0.0,130.0,,
0,16x16,,2942,,10,4,0.9,0.9,0.005,0,20.0,100.0,0.00078,0.0,1.0,,
0,16x16,,2943,,10,4,0.9,0.9,0.005,0,20.0,100.0,0.09422,0.0,44.0,,
0,16x16,,2944,,10,4,0.9,0.9,0.005,0,20.0,100.0,0.1166,0.0,53.0,,
0,16x16,,2945,,10,4,0.9,0.9,0.005,0,20.0,100.0,0.00845,0.0,3.0,,
0,16x16,,2946,,10,4,0.9,0.9,0.005,0,20.0,100.0,0.00795,0.0,3.0,,
0,16x16,,2947,,10,4,0.9,0.9,0.005,0,20.0,100.0,0.06916,0.0,22.0,,
0,16x16,,2948,,10,4,0.9,0.9,0.005,0,20.0,100.0,0.00495,0.0,3.0,,
0,16x16,,2949,,10,4,0.9,0.9,0.005,0,20.0,100.0,0.00479,0.0,2.0,,
0,16x16,,2950,,10,4,0.9,0.9,0.005,0,20.0,100.0,0.05545,0.0,23.0,,
0,16x16,,2951,,10,4,0.9,0.9,0.005,0,20.0,100.0,0.0125,0.0,4.0,,
0,16x16,,2952,,10,4,0.9,0.9,0.005,0,20.0,100.0,0.00012,0.0,1.0,,
0,16x16,,2953,,10,4,0.9,0.9,0.005,0,20.0,100.0,0.00605,0.0,2.0,,
0,16x16,,2954,,10,4,0.9,0.9,0.005,0,20.0,100.0,0.12118,0.0,44.0,,
0,16x16,,2955,,10,4,0.9,0.9,0.005,0,20.0,100.0,0.005,0.0,3.0,,
0,16x16,,2956,,10,4,0.9,0.9,0.005,0,20.0,100.0,0.00559,0.0,2.0,,
0,16x16,,2957,,10,4,0.9,0.9,0.005,0,20.0,100.0,0.00519,0.0,2.0,,
0,16x16,,2958,,10,4,0.9,0.9,0.005,0,20.0,100.0,0.00166,0.0,1.0,,
0,16x16,,2959,,10,4,0.9,0.9,0.005,0,20.0,100.0,0.00747,0.0,3.0,,
0,16x16,,2960,,10,4,0.9,0.9,0.005,0,20.0,100.0,0.00127,0.0,1.0,,
0,16x16,,2961,,10,4,0.9,0.9,0.005,0,20.0,100.0,0.01866,0.0,16.0,,
0,16x16,,2962,,10,4,0.9,0.9,0.005,0,20.0,100.0,0.00958,0.0,4.0,,
0,16x16,,2963,,10,4,0.9,0.9,0.005,0,20.0,100.0,0.0045,0.0,2.0,,
0,16x16,,2964,,10,4,0.9,0.9,0.005,0,20.0,100.0,0.00998,0.0,3.0,,
0,16x16,,2965,,10,4,0.9,0.9,0.005,0,20.0,100.0,0.00478,0.0,2.0,,
0,16x16,,2966,,10,4,0.9,0.9,0.005,0,20.0,100.0,0.02009,0.0,6.0,,
0,16x16,,2967,,10,4,0.9,0.9,0.005,0,20.0,100.0,0.00278,0.0,2.0,,
0,16x16,,2968,,10,4,0.9,0.9,0.005,0,20.0,100.0,0.01574,0.0,9.0,,
0,16x16,,2969,,10,4,0.9,0.9,0.005,0,20.0,100.0,0.00959,0.0,4.0,,
0,16x16,,2970,,10,4,0.9,0.9,0.005,0,20.0,100.0,0.01326,0.0,5.0,,
0,16x16,,2971,,10,4,0.9,0.9,0.005,0,20.0,100.0,0.02184,0.0,6.0,,
0,16x16,,2972,,10,4,0.9,0.9,0.005,0,20.0,100.0,1.36059,0.0,510.0,,
0,16x16,,2973,,10,4,0.9,0.9,0.005,0,20.0,100.0,0.46494,0.0,211.0,,
0,16x16,,2974,,10,4,0.9,0.9,0.005,0,20.0,100.0,0.00039,0.0,1.0,,
0,16x16,,2975,,10,4,0.9,0.9,0.005,0,20.0,100.0,0.00562,0.0,2.0,,
0,16x16,,2976,,10,4,0.9,0.9,0.005,0,20.0,100.0,0.00294,0.0,1.0,,
0,16x16,,2977,,10,4,0.9,0.9,0.005,0,20.0,100.0,0.00785,0.0,3.0,,
0,16x16,,2978,,10,4,0.9,0.9,0.005,0,20.0,100.0,0.00678,0.0,2.0,,
0,16x16,,2979,,10,4,0.9,0.9,0.005,0,20.0,100.0,0.00526,0.0,2.0,,
0,16x16,,2980,,10,4,0.9,0.9,0.005,0,20.0,100.0,0.00155,0.0,1.0,,
0,16x16,,2981,,10,4,0.9,0.9,0.005,0,20.0,100.0,0.01076,0.0,4.0,,
0,16x16,,2982,,10,4,0.9,0.9,0.005,0,20.0,100.0,0.00299,0.0,1.0,,
0,16x16,,2983,,10,4,0.9,0.9,0.005,0,20.0,100.0,0.04897,0.0,16.0,,
0,16x16,,2984,,10,4,0.9,0.9,0.005,0,20.0,100.0,0.00712,0.0,3.0,,
0,16x16,,2985,,10,4,0.9,0.9,0.005,0,20.0,100.0,1.33925,0.0,481.0,,
0,16x16,,2986,,10,4,0.9,0.9,0.005,0,20.0,100.0,0.00772,0.0,4.0,,
0,16x16,,2987,,10,4,0.9,0.9,0.005,0,20.0,100.0,0.00207,0.0,1.0,,
0,16x16,,2988,,10,4,0.9,0.9,0.005,0,20.0,100.0,0.00294,0.0,1.0,,
0,16x16,,2989,,10,4,0.9,0.9,0.005,0,20.0,100.0,0.00472,0.0,2.0,,
0,16x16,,2990,,10,4,0.9,0.9,0.005,0,20.0,100.0,0.05704,0.0,41.0,,
0,16x16,,2991,,10,4,0.9,0.9,0.005,0,20.0,100.0,0.00837,0.0,4.0,,
0,16x16,,2992,,10,4,0.9,0.9,0.005,0,20.0,100.0,0.00456,0.0,3.0,,
0,16x16,,2993,,10,4,0.9,0.9,0.005,0,20.0,100.0,0.00419,0.0,2.0,,
0,16x16,,2994,,10,4,0.9,0.9,0.005,0,20.0,100.0,0.00697,0.0,3.0,,
0,16x16,,2995,,10,4,0.9,0.9,0.005,0,20.0,100.0,0.00997,0.0,4.0,,
0,16x16,,2996,,10,4,0.9,0.9,0.005,0,20.0,100.0,0.02422,0.0,14.0,,
0,16x16,,2997,,10,4,0.9,0.9,0.005,0,20.0,100.0,0.00531,0.0,2.0,,
0,16x16,,2998,,10,4,0.9,0.9,0.005,0,20.0,100.0,0.00356,0.0,2.0,,
0,16x16,,2999,,10,4,0.9,0.9,0.005,0,20.0,100.0,0.01261,0.0,3.0,,
0,16x16,,3000,,10,4,0.9,0.9,0.005,0,20.0,100.0,0.01075,0.0,3.0,,
